Region,Country,iso3,year,lifeExpectancy,dentists,medics,nursesMid
European Union,Slovenia,SVN,2001,75.8,5.92,21.74,71.34
Africa,Burundi,BDI,2010,57.2,0,0.45,6.37
European Union,Netherlands,NLD,2003,78.5,4.01,25.94,79.31
European Union,Bulgaria,BGR,2013,74.9,9.72,39.53,49.19
South America,Chile,CHL,2011,79,5.9,15.75,15.27
Middle East,Yemen Rep ,YEM,2004,62.9,0.22,3.05,6.03
Central America and Caribbean,Jamaica,JAM,2015,74.1,0.13,4.28,14.97
Asia,Sri Lanka,LKA,2014,76.1,0.63,8.07,18.46
Asia,Japan,JPN,2010,82.8,7.7,22.12,103.03
North America,United States,USA,2000,76.6,4.77,23,101.93
European Union,France,FRA,2013,82.2,6.53,31.56,87.84
Asia,Sri Lanka,LKA,2015,76.3,0.63,8.3,18.87
Asia,Afghanistan,AFG,2008,59.9,0.14,1.83,5.2
Africa,Kenya,KEN,2012,62.7,0.22,1.84,14.07
Rest of Europe,Iceland,ISL,2005,81.5,9.74,36.12,147.51
Central America and Caribbean,Bahamas The,BHS,2008,72,2.21,26.45,38.84
Middle East,Saudi Arabia,SAU,2015,74.7,4.5,24.44,57.54
South America,Brazil,BRA,2000,70.1,8.82,NA,37.88
European Union,Sweden,SWE,2009,81.4,8.08,37.49,115.35
Central America and Caribbean,Haiti,HTI,2013,61.7,0.1,2.34,NA
Asia,Mongolia,MNG,2010,67.4,1.97,27.75,36.56
Rest of Europe,Serbia,SRB,2014,75.3,3.2,30.3,62.05
Asia,Kyrgyz Republic,KGZ,2015,70.7,1.7,18.46,48.1
Asia,Malaysia,MYS,2010,74.5,1.33,11.51,32.37
European Union,Latvia,LVA,2010,73.5,7.09,31.07,52.06
Asia,India,IND,2012,67.5,0.95,6.91,18.33
Central America and Caribbean,Cuba,CUB,2009,78.3,10.25,66.3,94.24
European Union,Denmark,DNK,2012,80.1,7.97,38.37,102.66
Rest of Europe,Montenegro,MNE,2007,74.3,3.92,19.47,53.54
Rest of Europe,Ukraine,UKR,2002,68.3,4.5,29.76,64.65
European Union,France,FRA,2011,82.1,6.49,31.24,87.47
Asia,Tajikistan,TJK,2005,66.1,1.43,19.17,33.96
European Union,Austria,AUT,2008,80.4,5.65,46.08,65.77
Africa,Botswana,BWA,2007,55,0.17,3.71,30.16
Africa,Cameroon,CMR,2005,52.8,0.02,0.61,3.93
Middle East,Oman,OMN,2010,75.7,2.37,21.26,46.66
North America,Canada,CAN,2003,79.7,5.72,NA,84.68
European Union,Lithuania,LTU,2013,73.9,9.05,42.76,78.51
Central America and Caribbean,Trinidad and Tobago,TTO,2003,70.2,1.86,7.75,29.73
Asia,India,IND,2010,66.7,0.92,6.65,15.24
European Union,Austria,AUT,2003,78.6,4.97,41.44,58.87
European Union,Lithuania,LTU,2014,74.5,9.1,43.06,79.07
European Union,Austria,AUT,2009,80.3,5.74,47.02,66.95
Asia,Afghanistan,AFG,2006,58.8,0.13,1.66,4.58
Asia,Indonesia,IDN,2015,70.8,0.49,2.7,12.82
Asia,Brunei Darussalam,BRN,2000,73.1,1.47,10.29,39.71
Rest of Europe,Ukraine,UKR,2000,67.7,4.51,29.86,65
European Union,Germany,DEU,2010,80,8.22,37.57,102.44
Africa,South Africa,ZAF,2013,61.1,1.06,7.29,11.67
Asia,Uzbekistan,UZB,2000,67.2,2.06,29.61,108.95
Africa,Niger,NER,2015,60.6,0.02,0.32,2.05
European Union,Lithuania,LTU,2000,72,6.85,36.26,80.23
Africa,Morocco,MAR,2006,72.4,1.13,5.94,NA
European Union,Croatia,HRV,2012,76.9,7.57,29.99,60.73
European Union,Cyprus,CYP,2007,78.9,6.74,19.74,34.34
Rest of Europe,Norway,NOR,2014,82.1,8.66,44.29,174.42
Asia,Malaysia,MYS,2000,72.6,0.93,6.8,20.49
Middle East,Kuwait,KWT,2006,73.7,4.37,22.76,49.55
European Union,Denmark,DNK,2002,76.9,8.52,30.37,96.88
Central America and Caribbean,Honduras,HND,2000,70.7,1.74,5.59,12.97
Rest of Europe,Serbia,SRB,2012,74.8,3.36,30.47,62.14
European Union,Estonia,EST,2011,76.2,8.88,32.94,65.27
Africa,Uganda,UGA,2015,61.4,0.07,0.97,15.85
Asia,Azerbaijan,AZE,2000,66.8,2.73,35.52,86.06
Central America and Caribbean,Cuba,CUB,2011,78.4,11.32,69.57,85.32
Rest of Europe,Moldova,MDA,2007,68.3,3.99,26.2,60.56
Rest of Europe,Iceland,ISL,2001,80.7,10,34.73,139.04
Asia,Bangladesh,BGD,2015,71.5,0.41,4.76,2.6
Asia,Lao PDR,LAO,2014,66.1,0.51,3.77,12.67
European Union,Croatia,HRV,2013,77.1,7.6,30.42,62.26
European Union,Slovenia,SVN,2000,75.4,5.83,21.54,68.62
Asia,Azerbaijan,AZE,2011,71.2,2.59,33.97,68.77
Central America and Caribbean,Jamaica,JAM,2013,74,0.13,4.8,14.74
Africa,Mauritius,MUS,2008,72.6,1.84,11.38,26.68
Asia,Pakistan,PAK,2011,65.6,0.57,7.48,3.81
Asia,Japan,JPN,2012,83.1,7.79,22.83,107.31
European Union,Ireland,IRL,2002,77.6,5.35,24.04,152.95
Asia,Azerbaijan,AZE,2009,70.6,2.72,36.26,79.98
Rest of Europe,Serbia,SRB,2005,72.8,4.46,27.57,58.13
Middle East,Jordan,JOR,2007,72.9,7.16,22.38,27.65
Asia,Thailand,THA,2004,71.7,0.63,2.89,14.78
European Union,Malta,MLT,2004,79.3,4.41,33.69,55.02
Central America and Caribbean,St Lucia,LCA,2013,75.3,3.11,24.97,NA
Asia,Sri Lanka,LKA,2004,74.3,0.38,5.22,16.54
Asia,Pakistan,PAK,2009,65,0.51,7.18,4.92
Oceania,Timor Leste,TLS,2008,66.3,0.02,NA,10.68
European Union,Cyprus,CYP,2009,79.2,6.82,20.46,34.3
European Union,Belgium,BEL,2004,78.9,7.4,28.68,92.33
European Union,Slovak Republic,SVK,2008,74.7,5.1,33.69,66.07
Africa,Burkina Faso,BFA,2004,52.6,0.04,0.52,4.86
Rest of Europe,North Macedonia,MKD,2010,75,7.79,27.01,42.32
Oceania,Australia,AUS,2001,79.6,4.75,25.51,105.02
Africa,Cabo Verde,CPV,2009,70.9,0.06,1.36,9.8
Central America and Caribbean,Grenada,GRD,2000,72.6,0.84,5.4,34.05
Asia,Turkmenistan,TKM,2011,66.9,1.06,20.79,41.09
Africa,Morocco,MAR,2007,73,1.18,5.4,NA
Rest of Europe,Montenegro,MNE,2014,76.4,0.43,21.7,50.33
Asia,Azerbaijan,AZE,2015,72.3,2.71,33.28,61.49
Middle East,United Arab Emirates,ARE,2012,76.7,4.19,18.01,36.7
European Union,Italy,ITA,2009,81.6,5.19,37.39,54.66
Oceania,Timor Leste,TLS,2011,67.5,0.06,NA,11.56
European Union,France,FRA,2000,79.1,7.16,33.28,68.15
European Union,Denmark,DNK,2004,77.5,8.57,32.27,96.86
Rest of Europe,Norway,NOR,2001,78.8,8.04,35.4,NA
European Union,Hungary,HUN,2007,73.2,4,28.09,61.22
European Union,Ireland,IRL,2008,80.1,6.05,39.55,135.64
European Union,Portugal,PRT,2014,81.1,8.77,45.62,63.75
European Union,Greece,GRC,2000,77.9,11.47,43.82,29.65
Middle East,Bahrain,BHR,2008,75.8,1.06,9.84,25.48
European Union,Czechia,CZE,2004,75.7,6.67,34.99,84.86
Central America and Caribbean,Haiti,HTI,2015,62.5,0.06,0.87,2.87
Central America and Caribbean,Trinidad and Tobago,TTO,2002,69.9,1.65,7.91,28.64
European Union,France,FRA,2012,82,6.5,31.39,90.38
European Union,Croatia,HRV,2011,76.8,7.39,29.18,59.53
Asia,Indonesia,IDN,2012,69.9,0.42,1.97,NA
European Union,Hungary,HUN,2010,74.2,5.27,28.75,63.97
Asia,Myanmar,MMR,2011,64,0.56,5.68,9.51
Rest of Europe,Moldova,MDA,2003,67.5,3.35,23.26,54.89
European Union,Cyprus,CYP,2012,79.8,7,22.36,35.23
South America,Peru,PER,2012,75,1.51,11.39,15.24
Africa,Algeria,DZA,2015,76.1,3.41,18.35,NA
European Union,Germany,DEU,2014,81.1,8.52,40.88,109.49
Rest of Europe,Montenegro,MNE,2015,76.4,0.43,23.72,49.93
Asia,Turkmenistan,TKM,2007,65.7,1.09,21.75,42.75
European Union,Germany,DEU,2007,79.5,7.92,35.28,97.67
Africa,Angola,AGO,2004,49.3,0.12,0.63,9.94
European Union,Lithuania,LTU,2011,73.6,8.21,40.97,78.3
Africa,Lesotho,LSO,2003,43.8,0.02,0.45,5.66
European Union,Croatia,HRV,2010,76.5,7.34,28.61,58.13
Oceania,New Zealand,NZL,2007,80.2,4.44,22.98,97.95
Rest of Europe,Switzerland,CHE,2012,82.7,5.23,39.15,158.76
Middle East,Bahrain,BHR,2010,76.1,1.01,9.71,25.16
Asia,Kazakhstan,KAZ,2003,65.7,3.31,34.68,64.01
Oceania,Solomon Islands,SLB,2013,71.6,0.45,1.8,19.15
European Union,Malta,MLT,2015,81.9,4.63,36.76,81.55
Rest of Europe,Norway,NOR,2004,79.8,8.05,34.01,150.86
European Union,Latvia,LVA,2003,71.3,5.56,28.3,49.16
Middle East,Qatar,QAT,2005,78.3,8.36,26.05,59.12
Asia,Sri Lanka,LKA,2009,75.3,0.41,6.62,15.08
European Union,Czechia,CZE,2014,78.8,7.52,NA,83.47
Asia,Thailand,THA,2007,72.9,1.39,2.92,15.07
Rest of Europe,Switzerland,CHE,2010,82.2,5.25,38.08,149.26
Asia,Sri Lanka,LKA,2005,74.7,0.47,5.04,13.61
Rest of Europe,Switzerland,CHE,2003,80.5,4.91,36.58,128.54
Rest of Europe,Montenegro,MNE,2008,75.1,0.71,20.73,54.5
Asia,India,IND,2006,64.9,0.61,5.97,12.87
South America,Chile,CHL,2006,77.9,0.01,10.31,NA
Asia,Malaysia,MYS,2008,74.1,1.32,9.11,28.04
European Union,Croatia,HRV,2009,76.2,7.64,27.41,56.14
Middle East,Syrian Arab Republic,SYR,2002,73.7,8.36,14.35,19.18
European Union,Denmark,DNK,2009,78.6,8.07,36.51,100.84
European Union,Belgium,BEL,2012,80.4,7.08,29.33,106.05
European Union,Latvia,LVA,2006,70.9,6.49,30.28,58.32
Central America and Caribbean,Trinidad and Tobago,TTO,2015,72.9,3.42,25.41,33.4
North America,Mexico,MEX,2005,75.3,0.94,17.68,22.09
Rest of Europe,Iceland,ISL,2003,81,9.95,36.15,143.79
Rest of Europe,Armenia,ARM,2009,73.1,4.23,27.14,50.79
Middle East,Israel,ISR,2004,80.1,8.97,36.7,55.32
Africa,South Africa,ZAF,2012,60.1,1.03,7.15,10.92
Rest of Europe,Bosnia and Herzegovina,BIH,2014,76.7,2.31,20.83,59.9
European Union,Luxembourg,LUX,2015,82.3,8.89,29.08,122.74
European Union,Denmark,DNK,2010,79.1,8.19,37.26,101.16
Rest of Europe,Belarus,BLR,2015,73.6,5.89,42.55,109.47
Middle East,Syrian Arab Republic,SYR,2015,69.9,10.67,14.64,23.68
Asia,Mongolia,MNG,2002,63.8,1.26,27.29,35.3
Asia,Singapore,SGP,2011,81.7,2.85,17.5,52.02
Rest of Europe,Norway,NOR,2003,79.4,8.13,32.3,146.75
European Union,Poland,POL,2003,74.6,2.9,24.34,52.99
Asia,Japan,JPN,2004,82,7.25,20.29,89.61
Asia,Sri Lanka,LKA,2007,75,0.64,5.38,19.85
European Union,Denmark,DNK,2008,78.4,8.22,35.79,98.24
European Union,Belgium,BEL,2005,79,7.34,28.71,94.66
Rest of Europe,Russian Federation,RUS,2012,70.1,2.93,40.03,94.2
European Union,Ireland,IRL,2005,78.9,5.6,35.31,122.25
Middle East,Iraq,IRQ,2014,69.7,2.16,8.23,18.11
European Union,Croatia,HRV,2006,75.8,7.48,26.07,54.12
Central America and Caribbean,Jamaica,JAM,2012,74,0.13,3.63,15.5
Oceania,Papua New Guinea,PNG,2009,61.7,0.16,NA,NA
Asia,Uzbekistan,UZB,2014,70.7,1.61,23.9,113.56
Asia,Kyrgyz Republic,KGZ,2009,69.1,1.92,18.8,47.2
Rest of Europe,Belarus,BLR,2010,70.4,5.36,35.11,105.36
Asia,Kazakhstan,KAZ,2006,66.2,3.49,35.72,70.23
Asia,Kazakhstan,KAZ,2011,68.7,3.83,38.15,76.53
European Union,Hungary,HUN,2001,72.2,3.58,28.97,57.32
European Union,Bulgaria,BGR,2005,72.6,8.47,36.61,45.08
Asia,Uzbekistan,UZB,2002,67.6,2.11,28.49,108.53
European Union,Finland,FIN,2009,79.7,7.34,23.98,105.42
European Union,Estonia,EST,2012,76.3,9.04,32.84,64.61
European Union,Bulgaria,BGR,2015,74.6,10.03,40.41,48.31
North America,Mexico,MEX,2010,75.1,1.16,20.07,24.22
Asia,Singapore,SGP,2007,80.4,2.66,15.04,40.04
North America,Canada,CAN,2000,79.1,5.6,NA,99
Oceania,New Zealand,NZL,2002,78.8,3.93,21.24,93.89
European Union,Belgium,BEL,2008,79.7,7.16,29.21,98.18
Rest of Europe,North Macedonia,MKD,2005,73.7,6.58,21.02,33.55
Asia,Bangladesh,BGD,2007,68.6,0.14,3.17,1.57
European Union,Spain,ESP,2005,80.2,5.04,35.21,44.85
European Union,Italy,ITA,2010,82,5.66,37.63,54.39
Africa,Guinea,GIN,2004,52.5,0.02,1.09,4.86
Africa,Eswatini,SWZ,2011,48.1,0.41,0.98,NA
South America,Ecuador,ECU,2011,75.3,2.22,13.82,18.82
Africa,Benin,BEN,2004,56.9,0.01,0.38,7.1
Rest of Europe,Switzerland,CHE,2013,82.8,5.2,40.39,162.14
Asia,Myanmar,MMR,2004,61.3,0.28,3.78,NA
European Union,Bulgaria,BGR,2014,74.5,9.96,39.78,48.7
European Union,Denmark,DNK,2014,80.7,7.7,38.77,102.6
Rest of Europe,Russian Federation,RUS,2014,70.7,2.84,41.2,92.68
European Union,Malta,MLT,2003,78.5,4.09,30.72,53.75
Asia,Thailand,THA,2015,76.1,0.99,4.53,23.07
European Union,Poland,POL,2005,75,3.21,21.4,56.45
Africa,Guinea,GIN,2005,53.2,0.02,1.02,NA
European Union,Slovak Republic,SVK,2015,76.6,4.88,34.54,60.26
European Union,Spain,ESP,2008,81.2,5.56,35.23,49.49
Asia,Sri Lanka,LKA,2010,75.4,0.5,7.03,16.94
Rest of Europe,Iceland,ISL,2004,81,9.82,36.14,144.52
European Union,Finland,FIN,2004,78.7,7.42,22.47,89.88
European Union,Germany,DEU,2012,80.5,8.4,39.22,104.06
South America,Ecuador,ECU,2000,72.8,1.19,8.12,13.96
European Union,Finland,FIN,2010,79.9,7.38,25.02,107.88
Rest of Europe,Russian Federation,RUS,2013,70.6,2.89,39.87,93.7
South America,Ecuador,ECU,2010,75.1,1.81,12.83,17.29
South America,Colombia,COL,2003,73.8,8.66,13.58,5.99
European Union,Germany,DEU,2009,79.8,8.12,36.62,101.69
European Union,Belgium,BEL,2006,79.4,7.35,28.86,95.97
Middle East,Oman,OMN,2004,73.9,1.73,16.1,36.37
Asia,India,IND,2009,66.2,0.85,6.47,13.89
Rest of Europe,Bosnia and Herzegovina,BIH,2000,74.4,1.74,13.12,40.3
Africa,Cabo Verde,CPV,2011,71.2,0.06,5.71,10.62
European Union,Bulgaria,BGR,2009,73.4,8.72,37.33,47.08
Rest of Europe,Bosnia and Herzegovina,BIH,2003,74.9,1.1,13.3,43.53
Asia,Malaysia,MYS,2002,73,0.95,7.24,21.5
Africa,Benin,BEN,2008,58.7,0.04,0.59,7.73
Africa,Egypt Arab Rep ,EGY,2004,69.3,1.03,NA,18.47
Africa,Cote d Ivoire,CIV,2005,50.1,0.1,0.85,4.48
Middle East,Qatar,QAT,2006,78.4,5,23.78,63.58
South America,Colombia,COL,2015,76.5,7.5,18.81,12.43
Rest of Europe,Montenegro,MNE,2013,76.5,0.43,21.29,53.33
Asia,Afghanistan,AFG,2015,63.4,0.04,2.9,1.32
European Union,Malta,MLT,2006,79.4,4.57,37.64,58.03
European Union,Lithuania,LTU,2004,72,6.49,36.27,75.71
Asia,Kyrgyz Republic,KGZ,2006,67.7,1.93,19.58,47.58
Africa,Morocco,MAR,2014,75.5,1.36,6.12,9.44
Oceania,Tonga,TON,2003,69.8,2.2,NA,NA
Rest of Europe,Ukraine,UKR,2014,71.2,5.86,29.36,65.36
Oceania,Samoa,WSM,2008,71.2,0.89,4.47,18.31
Africa,Madagascar,MDG,2010,63.4,0.09,1.86,2.13
Middle East,Saudi Arabia,SAU,2001,72.8,0.93,8.49,NA
Middle East,Iran Islamic Rep ,IRN,2006,72.3,1.3,5.15,16.24
Middle East,Israel,ISR,2012,81.7,7.06,35.03,50.53
Africa,Mozambique,MOZ,2011,53,0.03,0.54,4.02
Middle East,Syrian Arab Republic,SYR,2003,74,8.34,13.68,18.02
South America,Ecuador,ECU,2013,75.7,2.37,16.45,22.05
European Union,Denmark,DNK,2000,76.6,8.58,29.13,95.43
European Union,Romania,ROU,2007,72.6,5.56,23.09,60.75
Africa,Madagascar,MDG,2004,60.8,0.09,1.49,2.73
Rest of Europe,North Macedonia,MKD,2014,75.5,8.82,30.21,47.01
European Union,Latvia,LVA,2013,74,7.25,31.91,50.8
Rest of Europe,Belarus,BLR,2001,68.5,4.42,32.52,96.53
European Union,Bulgaria,BGR,2002,71.9,7.82,35.22,40.63
Rest of Europe,Switzerland,CHE,2009,82,5.21,38.36,141.67
European Union,Estonia,EST,2002,70.9,7.82,29.64,63.19
Asia,Thailand,THA,2013,75.4,1.1,3.86,19.79
European Union,Malta,MLT,2007,79.8,4.2,32.53,60.88
Rest of Europe,Ukraine,UKR,2007,68.2,4.54,30.43,65.48
Africa,Mauritius,MUS,2003,72.1,1.24,9.44,23.82
European Union,Latvia,LVA,2014,74.1,7.02,32.16,50.2
European Union,Italy,ITA,2004,80.8,5.67,36.67,53.27
Africa,Kenya,KEN,2002,51.6,0.23,1.38,NA
North America,Mexico,MEX,2013,74.9,1.23,21.64,28.16
North America,Mexico,MEX,2006,75.3,0.97,18.86,22.28
European Union,Greece,GRC,2009,80.2,13.3,57.91,35.95
Oceania,Australia,AUS,2009,81.5,5.26,31.04,107.34
European Union,Denmark,DNK,2006,78.1,8.51,34.24,98.03
Central America and Caribbean,Dominican Republic,DOM,2009,71.8,1.84,NA,13.09
Rest of Europe,Georgia,GEO,2006,70.6,3.11,40.55,41.87
European Union,Lithuania,LTU,2003,72.1,6.72,36.69,76.54
European Union,Cyprus,CYP,2003,78.4,6.71,18.51,30.7
Rest of Europe,Serbia,SRB,2009,74,3.43,29.73,60.91
Middle East,Saudi Arabia,SAU,2011,74.1,3.82,22.7,51.57
European Union,Germany,DEU,2006,79.1,7.82,34.65,95.96
North America,Mexico,MEX,2002,74.9,0.97,15.29,22.26
Central America and Caribbean,Panama,PAN,2006,76.1,2.82,13.56,20.13
European Union,Luxembourg,LUX,2010,80.6,8.32,27.71,114.03
Asia,Pakistan,PAK,2001,63.1,0.29,6.04,3.94
European Union,Slovak Republic,SVK,2010,75.1,4.94,33.59,64.21
Asia,Bangladesh,BGD,2013,70.9,0.39,4.12,1.95
Asia,Singapore,SGP,2003,79,2.73,14.27,35.75
European Union,Greece,GRC,2003,78.8,11.98,47.83,35.47
Central America and Caribbean,Trinidad and Tobago,TTO,2007,71.2,2.15,11.3,34.25
Oceania,New Zealand,NZL,2009,80.7,4.49,25.8,103
South America,Colombia,COL,2014,76.3,7.1,18.06,11.8
Africa,Libya,LBY,2004,71.7,1.48,12.32,47.34
Rest of Europe,Belarus,BLR,2006,69.4,4.84,33.93,99.92
Central America and Caribbean,Belize,BLZ,2008,71.1,0.85,8.51,16.39
South America,Bolivia,BOL,2007,66.4,0.62,3.27,6
Middle East,Oman,OMN,2012,76.1,2.27,19.89,44.06
South America,Chile,CHL,2008,78.3,0.01,10.31,NA
Middle East,Israel,ISR,2007,80.5,8.19,35.58,54.81
Middle East,Kuwait,KWT,2004,73.4,3.87,20.61,50.39
European Union,Slovenia,SVN,2014,81.1,6.63,27.75,86.43
European Union,Sweden,SWE,2003,80.1,8.14,32.83,108.1
Middle East,Turkiye,TUR,2004,72,2.61,14.16,17.35
Central America and Caribbean,Guatemala,GTM,2007,70.4,1.74,NA,NA
Rest of Europe,United Kingdom,GBR,2013,81,5.23,27.02,83.96
Rest of Europe,Bosnia and Herzegovina,BIH,2004,75.1,1.74,13.72,43.72
Asia,Lao PDR,LAO,2009,63.8,0.37,NA,8.53
Central America and Caribbean,Nicaragua,NIC,2006,71.4,0.45,5.01,11.78
Central America and Caribbean,Belize,BLZ,2012,73,1.32,11.09,13.49
Africa,Sierra Leone,SLE,2004,43.5,0.01,0.31,2.26
Middle East,Syrian Arab Republic,SYR,2008,73.6,7.19,13.62,16.89
Rest of Europe,Belarus,BLR,2013,72.5,5.49,39.39,108.06
Rest of Europe,Albania,ALB,2001,74.3,4.84,13.03,38.1
Asia,Kazakhstan,KAZ,2015,72,2.61,37.26,70.87
Rest of Europe,Norway,NOR,2007,80.4,8.72,38.44,159.81
South America,Chile,CHL,2004,77.4,0.01,9.74,NA
Asia,Singapore,SGP,2004,79.5,2.74,14.35,36.75
European Union,Ireland,IRL,2014,81.3,5.92,30.12,121.78
Central America and Caribbean,Cuba,CUB,2013,78.5,13.5,74.08,80.87
Asia,Kyrgyz Republic,KGZ,2010,69.3,1.86,18.71,49.37
European Union,Poland,POL,2009,75.7,3.2,21.79,58.59
Rest of Europe,Russian Federation,RUS,2004,65.5,2.92,47.4,98.77
Middle East,Kuwait,KWT,2007,73.8,4.64,22.36,52.48
European Union,Bulgaria,BGR,2000,71.7,8.47,34.41,44.51
European Union,Luxembourg,LUX,2012,81.4,8.31,28.07,122.89
European Union,Hungary,HUN,2005,72.6,4.48,27.87,61.59
Africa,Togo,TGO,2008,56.2,0.02,0.55,2.85
South America,Chile,CHL,2015,79.6,10,21.38,26.94
South America,Guyana,GUY,2009,67.8,0.39,NA,13.15
Africa,Morocco,MAR,2010,74.4,1.32,6.08,NA
Central America and Caribbean,Grenada,GRD,2002,72.9,0.83,5.35,33.76
Central America and Caribbean,Grenada,GRD,2012,72.7,0.8,8.25,NA
European Union,France,FRA,2015,82.3,6.53,31.84,90.26
Oceania,Timor Leste,TLS,2010,67.2,0.07,NA,11.57
European Union,Belgium,BEL,2014,81.3,7.23,29.75,112.03
Rest of Europe,United Kingdom,GBR,2015,81,5.3,27.67,83.6
Africa,Algeria,DZA,2007,73.9,3.11,11.95,19.28
Africa,Seychelles,SYC,2007,73.1,1.75,9.95,44.92
Africa,Comoros,COM,2004,59.9,0.29,1.98,10.13
Rest of Europe,United Kingdom,GBR,2009,80.1,5.02,26.42,89.57
Central America and Caribbean,Cuba,CUB,2007,78,9.65,64.16,86.65
Asia,Kyrgyz Republic,KGZ,2004,68.2,2.04,19.84,49.45
Rest of Europe,Montenegro,MNE,2012,76.2,0.46,20.14,48.78
Africa,Cameroon,CMR,2009,54.6,0.02,0.7,3.99
Middle East,Syrian Arab Republic,SYR,2010,72.1,7.11,13.88,17.82
Central America and Caribbean,St Lucia,LCA,2011,75,2.45,18.45,NA
Rest of Europe,Georgia,GEO,2011,71.8,4.51,47.47,41.52
Africa,Morocco,MAR,2012,75,1.33,4.78,NA
North America,Canada,CAN,2010,81.2,5.79,NA,93.42
European Union,Germany,DEU,2011,80.4,8.28,38.49,103.39
European Union,Cyprus,CYP,2011,79.6,6.83,22.06,36.18
European Union,Finland,FIN,2006,79.2,7.24,23.35,96.49
European Union,Slovenia,SVN,2004,77.2,5.98,23.02,74.35
European Union,Cyprus,CYP,2005,78.6,7.03,18.81,29.88
Asia,India,IND,2002,63.3,0.43,5.55,NA
Oceania,Micronesia Fed Sts ,FSM,2005,65.5,1.17,5.57,22.35
South America,Ecuador,ECU,2008,74.7,1.59,10.96,15.13
Rest of Europe,Russian Federation,RUS,2007,67.6,2.88,49.17,98.27
European Union,Cyprus,CYP,2006,78.8,6.78,18.22,32.98
Africa,Botswana,BWA,2008,56.7,0.09,3.67,28.8
Africa,Zimbabwe,ZWE,2007,44.9,0.15,NA,NA
Oceania,Australia,AUS,2011,81.9,5.37,32.96,108.4
Asia,Mongolia,MNG,2011,67.8,2.38,28.93,36.95
Africa,Morocco,MAR,2003,70.4,1,5.51,NA
Asia,Turkmenistan,TKM,2001,63.8,2.25,27.02,85.14
European Union,Lithuania,LTU,2008,71.8,6.9,38.81,77.58
Asia,Azerbaijan,AZE,2012,71.5,2.63,34.49,67.19
Rest of Europe,Albania,ALB,2003,74.8,4.33,11.86,36.04
European Union,Spain,ESP,2011,82.5,6.19,38.14,53.55
Asia,Tajikistan,TJK,2006,66.8,1.4,18.8,34.4
Africa,Algeria,DZA,2011,75.2,3.28,16.16,NA
Rest of Europe,Iceland,ISL,2009,81.8,9.23,36.47,160.73
North America,Mexico,MEX,2001,74.7,0.97,15.19,22.31
Rest of Europe,Iceland,ISL,2015,82.5,8.4,37.73,162.75
Middle East,Oman,OMN,2013,76.4,2.29,20.01,44.16
European Union,Poland,POL,2002,74.5,2.82,23.04,54.31
South America,Colombia,COL,2010,75.4,11.62,16.9,8.97
European Union,Poland,POL,2010,76.2,3.29,21.84,58.64
Central America and Caribbean,St Lucia,LCA,2001,73.5,1.69,NA,23.16
Rest of Europe,Norway,NOR,2010,81,8.78,41.14,166.55
European Union,Cyprus,CYP,2013,80,7,23.26,37.34
Rest of Europe,Armenia,ARM,2015,74.5,3.7,29.19,49.61
Rest of Europe,Ukraine,UKR,2006,68.1,4.53,30.4,65.56
European Union,Sweden,SWE,2004,80.5,8.27,33.73,110.09
Central America and Caribbean,El Salvador,SLV,2008,70.8,7.74,19.14,NA
Asia,Turkmenistan,TKM,2010,66.7,1.05,20.79,41.26
North America,United States,USA,2013,78.7,5.98,25.3,110
Africa,Central African Republic,CAF,2008,46.2,0.01,NA,1.83
South America,Ecuador,ECU,2014,75.9,2.6,16.84,21.8
European Union,Italy,ITA,2015,82.5,7.86,38.48,57.16
Rest of Europe,North Macedonia,MKD,2004,73.6,5.44,21.52,34.82
Asia,Malaysia,MYS,2005,73.6,1.07,7.78,25.38
European Union,Latvia,LVA,2015,74.5,7.17,31.97,48.85
European Union,Lithuania,LTU,2006,71.1,6.6,37.91,76.78
Africa,Kenya,KEN,2011,61.9,0.22,1.77,14.06
Rest of Europe,Serbia,SRB,2007,73.6,3.5,28.52,59.5
Rest of Europe,Norway,NOR,2015,82.3,8.42,40.91,155.19
Middle East,Turkiye,TUR,2002,71.1,2.44,13.71,16.98
Central America and Caribbean,Grenada,GRD,2010,72.9,0.81,7.17,NA
South America,Colombia,COL,2004,74,9.22,13.99,6.36
Africa,Madagascar,MDG,2002,59.7,0.07,1.3,2.99
Asia,Cambodia,KHM,2012,67.5,0.15,1.63,9.13
European Union,Malta,MLT,2005,79.3,4.72,34.04,56.74
Oceania,Kiribati,KIR,2010,65.8,0.37,3.77,37.17
Middle East,Bahrain,BHR,2014,76.6,1,9.74,25.37
Asia,Philippines,PHL,2000,68.8,1.08,11.94,42.28
European Union,Malta,MLT,2001,78.8,3.92,30.31,36.57
Africa,Egypt Arab Rep ,EGY,2014,71.1,1.5,7.3,18.13
Africa,Morocco,MAR,2002,69.8,0.96,4.78,NA
Africa,Zimbabwe,ZWE,2015,59.5,0.05,1.74,13.26
European Union,Czechia,CZE,2003,75.2,6.57,35.09,84.06
Central America and Caribbean,Antigua and Barbuda,ATG,2014,76.3,0.45,NA,48.87
Asia,Azerbaijan,AZE,2010,70.9,2.7,36.17,72.59
European Union,Finland,FIN,2014,81.2,7.33,26.91,117.64
Rest of Europe,Ukraine,UKR,2010,70.3,6.49,34.33,73.65
Asia,Kyrgyz Republic,KGZ,2003,68.3,1.92,20.81,52.34
Oceania,Fiji,FJI,2003,66.2,0.69,4.39,19.16
European Union,Latvia,LVA,2001,70.8,5.3,26.86,47.14
European Union,Austria,AUT,2011,81,5.87,48.53,68.55
Africa,Senegal,SEN,2008,62.9,0.09,0.62,4.36
Rest of Europe,Armenia,ARM,2007,72.8,3.39,26.35,50.69
European Union,Ireland,IRL,2015,81.5,6.01,31.19,123.45
Africa,Tunisia,TUN,2001,73.4,1.4,7.87,20.11
Asia,Singapore,SGP,2005,80,2.77,14.59,38.15
Asia,Bangladesh,BGD,2008,69.1,0.23,3.3,1.57
South America,Ecuador,ECU,2015,76.1,2.67,18.06,22.16
Asia,Malaysia,MYS,2013,75.1,1.74,15.55,38.37
Middle East,Lebanon,LBN,2010,78.4,10.7,22.98,17.44
Central America and Caribbean,St Vincent and the Grenadines,VCT,2001,70.9,1.85,5.46,41.94
Asia,India,IND,2008,65.8,0.77,6.3,13.68
Africa,Niger,NER,2004,52.7,0.01,0.22,2.12
Asia,Thailand,THA,2009,73.8,1.46,3.33,16.12
Asia,Lao PDR,LAO,2012,65.3,0.49,3.21,8.56
Africa,Seychelles,SYC,2011,72.7,1.86,11.03,NA
Central America and Caribbean,Jamaica,JAM,2003,74.1,0.8,8.48,16.47
Africa,Madagascar,MDG,2007,62.1,0.1,1.73,2.81
Rest of Europe,Georgia,GEO,2012,72.1,5.23,47.5,39.4
Middle East,Saudi Arabia,SAU,2008,73.6,2.98,19.71,43.5
Rest of Europe,Switzerland,CHE,2005,81.2,5.07,37.4,129.25
Asia,Pakistan,PAK,2008,64.7,0.48,7.07,4.8
European Union,Netherlands,NLD,2002,78.3,3.96,25.53,77.66
Oceania,Timor Leste,TLS,2013,68,0.06,6.15,9.08
Asia,Azerbaijan,AZE,2004,68.2,2.73,35.4,81.52
European Union,Bulgaria,BGR,2001,71.8,8.18,34.29,41.98
South America,Colombia,COL,2005,74.3,9.7,14.43,6.78
Africa,Tanzania,TZA,2012,60.5,0.02,0.31,4.39
European Union,Latvia,LVA,2000,70.3,5.22,28.79,47.82
Asia,Kyrgyz Republic,KGZ,2013,70.2,1.69,18.7,48.99
Middle East,Bahrain,BHR,2013,76.5,1.07,9.98,26.19
European Union,Spain,ESP,2013,83.1,6.92,37.91,52.93
European Union,Estonia,EST,2015,77.6,9.43,34.17,63.56
Rest of Europe,Russian Federation,RUS,2005,65.5,2.88,47.74,97.95
Africa,Tanzania,TZA,2014,62.3,0.02,0.6,4.28
European Union,Austria,AUT,2004,79.2,5.03,42.32,61.29
Asia,Myanmar,MMR,2009,63.1,0.47,5.04,8.9
European Union,Romania,ROU,2008,72.6,5.72,24.26,59.84
Asia,Singapore,SGP,2008,80.8,2.69,15.29,41.47
Asia,Bangladesh,BGD,2010,69.9,0.29,3.52,1.77
Rest of Europe,Bosnia and Herzegovina,BIH,2008,75.7,1.71,15.9,49.36
North America,United States,USA,2010,78.5,5.89,24.19,108.83
Oceania,Timor Leste,TLS,2002,60.9,0.02,NA,NA
European Union,Finland,FIN,2003,78.4,9.53,25.64,NA
Rest of Europe,Armenia,ARM,2006,72.7,3.16,25.62,50.57
Africa,Madagascar,MDG,2006,61.7,0.1,1.63,2.89
Africa,Algeria,DZA,2013,75.7,3.33,17.24,NA
Middle East,United Arab Emirates,ARE,2003,75,3.04,18.38,35.02
Rest of Europe,United Kingdom,GBR,2008,79.6,4.94,25.59,91.23
Asia,Uzbekistan,UZB,2001,67.4,2.11,29.11,108.85
Central America and Caribbean,Panama,PAN,2012,77.2,3.28,16.03,NA
Middle East,Saudi Arabia,SAU,2009,73.8,3.03,19.37,45.78
Asia,Cambodia,KHM,2014,68.3,0.16,1.67,9.55
Rest of Europe,Bosnia and Herzegovina,BIH,2009,75.8,1.75,16.74,51.13
European Union,Hungary,HUN,2015,75.6,6.03,30.98,66.44
Africa,Nigeria,NGA,2006,48.8,0.15,3.33,14.37
Central America and Caribbean,Nicaragua,NIC,2007,71.7,0.44,5.35,12.02
Africa,Nigeria,NGA,2011,51.3,0.17,NA,NA
South America,Colombia,COL,2009,75.2,11.26,16.39,8.51
European Union,Romania,ROU,2011,74.4,6.57,25.22,58.24
North America,United States,USA,2015,78.7,6,25.37,111.66
Oceania,New Zealand,NZL,2005,79.9,3.96,21.05,97.08
Africa,Namibia,NAM,2007,52.6,0.45,3.83,28.49
Middle East,Lebanon,LBN,2001,75,9.73,26.14,9.44
Africa,Algeria,DZA,2005,73.1,2.73,10.26,NA
European Union,Slovak Republic,SVK,2000,73.1,4.43,32.38,74.49
North America,Canada,CAN,2014,81.8,6.15,NA,97.91
Africa,Algeria,DZA,2004,72.6,2.71,11.56,NA
Middle East,United Arab Emirates,ARE,2014,77.1,4.87,22.32,44.29
North America,United States,USA,2005,77.5,5.8,24.3,104.09
Asia,Kazakhstan,KAZ,2009,68.4,3.42,36.5,73.68
Asia,Uzbekistan,UZB,2015,70.9,1.08,23.63,112.48
Africa,Morocco,MAR,2004,71.1,1.05,5.6,8.12
European Union,Greece,GRC,2013,81.3,12.68,58.11,35.36
Rest of Europe,Georgia,GEO,2003,70.3,3.45,39.7,43.92
Asia,India,IND,2013,67.9,1.14,7.09,NA
Rest of Europe,Moldova,MDA,2004,67.7,3.47,22.47,53.38
Middle East,Iran Islamic Rep ,IRN,2014,75.5,3.41,14.3,14.87
European Union,Portugal,PRT,2009,78.7,7.33,38.58,56.35
North America,Canada,CAN,2006,80.3,5.62,NA,88.07
European Union,Italy,ITA,2011,82.2,5.83,38.35,54.12
Asia,Malaysia,MYS,2001,72.8,0.95,6.86,21.1
Rest of Europe,North Macedonia,MKD,2012,74.9,8.15,28.39,42.47
Rest of Europe,Armenia,ARM,2000,71.4,2.37,26.52,58.03
Middle East,Turkiye,TUR,2006,72.8,2.62,14.92,18.15
European Union,Czechia,CZE,2006,76.5,6.73,35.51,84.33
European Union,Hungary,HUN,2013,75.6,6.03,32.1,65.99
Middle East,Turkiye,TUR,2009,74.1,2.84,16.37,21.33
Asia,Uzbekistan,UZB,2003,67.9,2.09,27.86,107.91
European Union,Sweden,SWE,2007,80.9,8.29,36.25,114.79
Asia,Singapore,SGP,2000,78,2.35,13.37,32.42
Rest of Europe,Bosnia and Herzegovina,BIH,2013,76.6,2.24,19.97,57.89
European Union,Slovenia,SVN,2011,80,6.25,25,84.02
Oceania,Solomon Islands,SLB,2005,69.2,1.08,1.84,14.37
Rest of Europe,Bosnia and Herzegovina,BIH,2002,74.8,1.64,13,40.09
European Union,Czechia,CZE,2011,77.9,7.08,36.37,84.61
European Union,Croatia,HRV,2002,74.7,7.03,24.59,51.76
Central America and Caribbean,Panama,PAN,2009,76.6,2.9,13.15,NA
European Union,Spain,ESP,2014,83.2,7.13,37.81,53.05
European Union,Slovak Republic,SVK,2005,73.9,5.43,30.35,63.31
European Union,Lithuania,LTU,2012,73.9,8.99,42.17,78.92
European Union,Denmark,DNK,2003,77.1,8.52,30.81,95.28
Middle East,Israel,ISR,2003,79.6,9.48,36.99,56.64
European Union,Luxembourg,LUX,2011,81,8.41,27.77,116.29
Asia,Tajikistan,TJK,2008,67.9,1.46,18.95,34.95
Africa,South Africa,ZAF,2014,62,1.05,7.4,12.03
Central America and Caribbean,Nicaragua,NIC,2005,71.2,0.46,5.09,11.78
Oceania,New Zealand,NZL,2003,79.1,3.93,21.77,90.77
South America,Argentina,ARG,2015,76.1,11.18,49.69,55.41
Central America and Caribbean,Panama,PAN,2015,77.8,3,15.79,27.68
Asia,Tajikistan,TJK,2010,68.7,1.58,16.7,38.87
Asia,Bangladesh,BGD,2014,71.2,0.4,4.78,2.43
Middle East,Israel,ISR,2000,79,8.18,36.97,58.23
European Union,Belgium,BEL,2009,80,7.08,29.2,99.25
Central America and Caribbean,Belize,BLZ,2007,70.6,1.05,8.65,17.63
Africa,Tunisia,TUN,2006,74.4,1.8,9.33,21.58
Central America and Caribbean,Trinidad and Tobago,TTO,2009,71.7,2.26,14.44,33.25
Africa,Nigeria,NGA,2014,52.7,0.19,NA,NA
European Union,Poland,POL,2000,73.7,3.07,22.23,55.32
Middle East,Israel,ISR,2009,81.4,8.47,35.26,51.33
South America,Ecuador,ECU,2012,75.5,2.22,15.61,20.79
Middle East,Israel,ISR,2006,80.6,8.13,35.93,55.95
Africa,Tunisia,TUN,2000,73.2,1.35,7.62,20.29
Africa,Mauritius,MUS,2007,72.6,1.8,11.23,25.99
Asia,India,IND,2007,65.4,0.61,6.14,13.21
Asia,Kazakhstan,KAZ,2012,69.5,4,37.86,78.06
European Union,Luxembourg,LUX,2003,77.7,6.49,23.77,91.88
European Union,Italy,ITA,2012,82.2,6.53,38.1,53.25
European Union,Italy,ITA,2008,81.5,4.8,37.4,54.7
Africa,Nigeria,NGA,2003,47.2,0.18,2.55,15.33
Africa,Liberia,LBR,2008,58.2,0.01,0.13,2.56
Asia,Tajikistan,TJK,2002,63.7,1.46,16.65,37.98
Rest of Europe,Russian Federation,RUS,2006,66.7,2.9,48.73,98.67
European Union,Germany,DEU,2003,78.4,7.67,33.69,92.07
Africa,Ethiopia,ETH,2003,54.2,0.01,0.26,2.11
South America,Chile,CHL,2014,79.5,9.02,20.16,25.5
Rest of Europe,Ukraine,UKR,2008,68.3,4.54,30.74,65.15
Middle East,Kuwait,KWT,2012,74.7,6.14,24.75,64.44
North America,Mexico,MEX,2007,75.3,1.01,19.29,22.92
Middle East,United Arab Emirates,ARE,2008,76,3.37,18.45,31.7
Central America and Caribbean,El Salvador,SLV,2002,69.4,5.79,13.26,NA
European Union,Cyprus,CYP,2000,78,6.53,18.99,30.93
Middle East,Turkiye,TUR,2015,76.5,3.1,17.65,25.73
European Union,Austria,AUT,2015,81.2,5.94,50.98,70.42
Africa,Morocco,MAR,2011,74.7,1.36,6,NA
Asia,Cambodia,KHM,2010,66.6,0.17,2.27,8.45
Africa,Gambia The,GMB,2007,58.7,0.06,0.9,7.15
North America,United States,USA,2006,77.7,5.78,24.21,105.03
Middle East,Turkiye,TUR,2001,70.6,2.43,13.56,17.25
Central America and Caribbean,Jamaica,JAM,2008,74.1,0.17,4.05,10.75
European Union,Spain,ESP,2004,79.9,4.87,34.19,44.25
Africa,Gambia The,GMB,2006,58.3,0.06,1.02,4.39
European Union,Greece,GRC,2006,79.4,12.87,54.1,34.76
South America,Colombia,COL,2008,75,10.76,15.82,8.02
Asia,Singapore,SGP,2009,81.2,2.74,15.56,44.56
South America,Paraguay,PRY,2012,73.1,1.79,13.91,11.34
European Union,Denmark,DNK,2001,76.8,8.6,29.33,95.77
Asia,Uzbekistan,UZB,2011,69.9,1.81,25.17,114.85
Middle East,Israel,ISR,2011,81.7,7.85,35.2,51.05
Africa,Tanzania,TZA,2006,55.1,0.01,NA,2.34
Middle East,Lebanon,LBN,2014,78.7,8.62,20.45,16.46
European Union,Slovak Republic,SVK,2002,73.6,4.35,32.01,71.32
Middle East,Oman,OMN,2002,73,1.43,15.13,35.27
European Union,Greece,GRC,2015,81,12.29,59.02,34.49
Africa,Algeria,DZA,2002,71.6,2.79,11.14,21.97
Asia,Myanmar,MMR,2015,65.8,0.64,NA,NA
South America,Uruguay,URY,2002,75.2,12,37.77,NA
Africa,Zambia,ZMB,2010,55.7,0.18,0.6,7.11
Africa,Tunisia,TUN,2010,75,2.91,12.07,22.14
Africa,Egypt Arab Rep ,EGY,2015,71.3,1.7,7.63,18.02
European Union,Czechia,CZE,2015,78.6,8.04,NA,84.32
Asia,Sri Lanka,LKA,2011,75.6,0.55,7.18,17.7
European Union,Romania,ROU,2012,74.4,6.84,25.98,59.57
Africa,Mali,MLI,2004,51.2,0.03,0.55,6.36
Rest of Europe,North Macedonia,MKD,2009,74.4,6.92,26.03,41.12
Africa,Seychelles,SYC,2009,73.1,1.71,11,NA
European Union,Sweden,SWE,2001,79.8,8.11,31.21,104.79
Central America and Caribbean,Belize,BLZ,2006,70.3,0.87,9.14,15.39
Rest of Europe,Iceland,ISL,2002,80.5,10.01,35.78,139.92
Rest of Europe,Switzerland,CHE,2015,82.9,5.07,41.96,168.88
Rest of Europe,Armenia,ARM,2012,73.8,4.41,28.59,52.2
European Union,Czechia,CZE,2002,75.2,6.54,34.91,84.42
Rest of Europe,Bosnia and Herzegovina,BIH,2011,76.2,2.16,18.39,54.88
Central America and Caribbean,Costa Rica,CRI,2000,77.5,3.73,13.22,11.84
South America,Chile,CHL,2009,78.6,0.01,10.22,NA
North America,United States,USA,2001,76.8,5.75,23.53,102.08
Rest of Europe,United Kingdom,GBR,2014,81.3,5.3,27.38,83.94
Central America and Caribbean,Cuba,CUB,2010,78.3,10.75,67.72,91.18
Asia,Kyrgyz Republic,KGZ,2001,68.7,2.12,17.45,72.63
Asia,Kazakhstan,KAZ,2002,66,3.2,34.27,63.58
European Union,Czechia,CZE,2009,77.1,6.81,35.84,85.28
Middle East,Yemen Rep ,YEM,2014,66.1,0.18,2.7,7.51
Asia,Brunei Darussalam,BRN,2008,74.5,2.17,14.93,51.38
Rest of Europe,Ukraine,UKR,2012,70.9,6.64,34.34,73.9
Oceania,New Zealand,NZL,2013,81.4,6.15,28.22,105.73
Africa,Mauritius,MUS,2012,73.9,2.34,13.36,28.99
Central America and Caribbean,Costa Rica,CRI,2012,79.1,9.66,24.71,20.42
European Union,Denmark,DNK,2005,77.8,8.57,33.35,98.32
Rest of Europe,Norway,NOR,2000,78.6,8.03,33.8,NA
European Union,France,FRA,2009,81.4,6.83,33.39,84.02
North America,Canada,CAN,2015,81.9,6.24,NA,98.72
Middle East,Iran Islamic Rep ,IRN,2015,75.8,3.17,10.95,17.96
Asia,Japan,JPN,2000,81.1,6.96,19.31,82.15
European Union,Romania,ROU,2010,73.5,6.34,24.85,57.22
Rest of Europe,Belarus,BLR,2014,73,5.72,40.82,109.35
Rest of Europe,Georgia,GEO,2000,69.9,3.48,38.67,47.38
Africa,Cameroon,CMR,2010,55.1,0.03,0.87,5.45
European Union,Germany,DEU,2002,78.2,7.59,33.38,90.17
Africa,Kenya,KEN,2010,61,0.22,1.71,7.13
Asia,Azerbaijan,AZE,2013,71.8,2.58,34.13,65.59
Asia,Cambodia,KHM,2013,67.9,0.16,1.4,9.37
European Union,Malta,MLT,2010,81.4,4.35,30.26,67.14
Africa,Equatorial Guinea,GNQ,2004,54.3,0.06,1.7,3.01
Asia,China,CHN,2005,73,0.39,12.39,10.3
Asia,Turkmenistan,TKM,2012,67.2,1.06,20.29,40.78
Rest of Europe,Norway,NOR,2006,80.3,8.81,37.32,158.37
Central America and Caribbean,Barbados,BRB,2001,77.4,2.29,16.01,60.21
Middle East,Oman,OMN,2014,76.6,2.57,21.62,46.96
Central America and Caribbean,Belize,BLZ,2009,71.5,0.38,7.71,16.35
Africa,Cabo Verde,CPV,2007,70.7,0.06,NA,NA
Rest of Europe,Moldova,MDA,2015,71.5,5.41,35.65,61.96
European Union,Czechia,CZE,2010,77.4,6.94,35.99,85.28
European Union,Poland,POL,2012,76.7,3.27,22.23,83.79
Rest of Europe,Armenia,ARM,2001,71.8,1.67,25.9,53.93
North America,Mexico,MEX,2014,74.9,1.29,22.37,26.93
Oceania,Australia,AUS,2006,81,4.86,28.25,NA
Middle East,Israel,ISR,2014,82.2,7.98,34.42,51.73
European Union,Lithuania,LTU,2002,71.8,6.5,37.02,77.92
Rest of Europe,United Kingdom,GBR,2011,81,5.23,26.82,86.52
Asia,Afghanistan,AFG,2014,63,0.03,3.04,1.5
European Union,Belgium,BEL,2010,80.2,7.02,29.09,100.95
Asia,Turkmenistan,TKM,2013,67.4,1.03,19.99,40.17
Middle East,Oman,OMN,2008,75.2,2.12,19.78,42.77
European Union,Luxembourg,LUX,2002,78,6.45,22.56,79.91
Middle East,United Arab Emirates,ARE,2007,75.8,3.41,15.41,32.69
Oceania,New Zealand,NZL,2000,78.6,4.12,22.33,95.85
Middle East,Bahrain,BHR,2012,76.3,1.14,10.23,26.51
Rest of Europe,Switzerland,CHE,2001,80.2,4.75,35.14,119.08
European Union,Sweden,SWE,2012,81.7,8.2,39.67,116.93
Oceania,Tonga,TON,2013,70.3,1.12,5.14,38.1
Middle East,Jordan,JOR,2009,73.3,6.14,20.55,33.77
South America,Colombia,COL,2012,75.9,6.54,16.27,10.28
European Union,Ireland,IRL,2001,77.1,5.19,23.73,147.71
Africa,Botswana,BWA,2010,60.2,0.27,4.03,28.61
Africa,Niger,NER,2013,59.5,0.02,0.51,2.23
European Union,Austria,AUT,2012,80.9,5.92,49.04,68.86
Asia,Pakistan,PAK,2012,65.8,0.61,7.75,3.95
European Union,Hungary,HUN,2000,71.2,3.24,26.88,54.94
Middle East,Kuwait,KWT,2000,73.1,2.92,18.56,47.3
European Union,Finland,FIN,2005,78.8,7.38,23.14,93.62
European Union,Netherlands,NLD,2014,81.7,4.94,33.92,104.44
Africa,Nigeria,NGA,2005,48.3,0.15,2.7,14.72
European Union,Slovak Republic,SVK,2009,74.9,4.89,33.05,64.02
Asia,Afghanistan,AFG,2007,59.4,0.12,1.82,5.18
Africa,Kenya,KEN,2013,63.4,0.23,1.93,8.96
Oceania,Micronesia Fed Sts ,FSM,2000,64.6,1.25,5.71,37.23
Asia,Tajikistan,TJK,2014,69.9,1.44,17.27,43.9
Africa,Central African Republic,CAF,2004,44.4,0.01,0.79,3.85
European Union,Portugal,PRT,2002,77.1,5.03,32.91,40.14
European Union,Italy,ITA,2001,80.1,5.41,34.87,57.55
Oceania,New Zealand,NZL,2012,81.2,6.04,27.13,105.89
South America,Venezuela RB,VEN,2001,72.3,5.48,19.22,11.21
Middle East,Israel,ISR,2010,81.6,8.68,35.15,51.1
European Union,Belgium,BEL,2007,79.8,7.23,29.05,97.19
Middle East,Kuwait,KWT,2014,75,6.62,26.7,64.68
Africa,Tanzania,TZA,2002,52.1,0.04,0.23,3.68
Africa,Central African Republic,CAF,2009,46.7,0.01,0.45,2.42
Rest of Europe,Montenegro,MNE,2006,73.8,4.15,19.42,52.42
Oceania,Timor Leste,TLS,2009,66.8,0.06,NA,11.49
Asia,Singapore,SGP,2012,82,2.97,18.22,55.57
Middle East,United Arab Emirates,ARE,2005,75.4,3.03,14.94,29.51
European Union,Belgium,BEL,2000,77.7,7.47,28.29,NA
European Union,Sweden,SWE,2000,79.6,8.07,30.26,103.23
European Union,Slovak Republic,SVK,2004,74,4.35,31.51,66.49
North America,Canada,CAN,2008,80.7,5.68,NA,91.23
Africa,Somalia,SOM,2014,55.5,0,0.48,2.61
Middle East,Oman,OMN,2015,76.9,2.75,21.3,46.19
Oceania,Kiribati,KIR,2004,64.2,0.31,NA,27.06
Central America and Caribbean,Nicaragua,NIC,2008,71.9,0.48,6.59,13.13
Asia,Philippines,PHL,2008,69.5,0.2,12.32,50.23
Oceania,New Zealand,NZL,2015,81.5,6.12,30.31,107.76
European Union,Croatia,HRV,2000,72.8,6.88,24.13,51.22
European Union,Austria,AUT,2001,78.6,4.82,39.89,57.81
Oceania,Micronesia Fed Sts ,FSM,2008,66.1,1.29,5.88,25.71
Middle East,Turkiye,TUR,2011,74.9,2.84,16.98,23.83
Rest of Europe,Ukraine,UKR,2011,70.8,6.53,34.32,73.6
Middle East,Saudi Arabia,SAU,2010,73.9,3.64,22.44,51.59
Central America and Caribbean,Cuba,CUB,2000,76.7,8.93,59.41,74.87
North America,United States,USA,2002,76.9,5.77,23.51,102.12
Asia,China,CHN,2011,74.7,0.88,14.85,16.5
Asia,Kyrgyz Republic,KGZ,2005,68,1.99,20.2,48.38
Middle East,Syrian Arab Republic,SYR,2011,71.3,7.24,14.53,17.64
Rest of Europe,Montenegro,MNE,2009,75.1,0.57,20.72,55.06
European Union,Slovenia,SVN,2003,76.9,6.04,22.51,73.8
European Union,Hungary,HUN,2012,75.1,5.66,30.9,65
Oceania,Tonga,TON,2009,70,1.03,5.78,35.26
Middle East,Israel,ISR,2002,79.5,8.87,36.98,57.97
Asia,Kyrgyz Republic,KGZ,2007,67.9,1.92,18.86,46.89
European Union,Austria,AUT,2013,81.1,5.96,49.95,69.35
Rest of Europe,Albania,ALB,2000,74,4.6,13.66,39.7
South America,Brazil,BRA,2010,73.6,11.51,NA,NA
Rest of Europe,Bosnia and Herzegovina,BIH,2007,75.5,1.86,15.4,47.09
Rest of Europe,Serbia,SRB,2006,73.4,3.5,27.83,57.84
North America,Canada,CAN,2002,79.5,5.69,NA,94.06
Central America and Caribbean,Nicaragua,NIC,2012,73,0.45,8.72,13.88
Africa,Morocco,MAR,2015,75.7,1.31,NA,NA
Middle East,United Arab Emirates,ARE,2009,76.1,4.29,17.92,34.52
Asia,Tajikistan,TJK,2015,70.1,1.56,17.47,45.14
Africa,Nigeria,NGA,2010,50.9,0.17,NA,12.91
Africa,Madagascar,MDG,2009,62.9,0.08,1.73,2.32
Oceania,Samoa,WSM,2003,69.8,0.54,2.7,16.72
Africa,Madagascar,MDG,2013,64.7,0.05,1.46,2.84
European Union,Austria,AUT,2010,80.6,5.81,48.07,67.57
North America,United States,USA,2014,78.8,5.95,25.39,110.62
Africa,Togo,TGO,2004,54.2,0.03,0.43,3.4
Rest of Europe,Iceland,ISL,2014,82.9,8.37,36.43,161.5
European Union,Hungary,HUN,2014,75.8,6.29,33.25,65.86
European Union,Finland,FIN,2011,80.5,7.28,25.41,111.33
Rest of Europe,Iceland,ISL,2013,82.1,8.4,36.06,162.61
European Union,Italy,ITA,2003,80,5.37,36.04,54.54
Asia,Brunei Darussalam,BRN,2010,74.7,2.19,14.35,74.1
Asia,Singapore,SGP,2014,82.5,3.44,20.37,58.17
Asia,India,IND,2000,62.5,0.37,5.25,NA
Africa,Algeria,DZA,2010,74.9,3.22,15.53,NA
South America,Bolivia,BOL,2010,68,0.96,4.33,8.22
Rest of Europe,Serbia,SRB,2004,72.7,4.73,27.72,60.03
Middle East,Oman,OMN,2006,74.6,1.97,18.21,38.23
Asia,Sri Lanka,LKA,2002,73.1,0.38,NA,10.22
Rest of Europe,Norway,NOR,2008,80.6,8.79,39.55,160.97
Rest of Europe,Armenia,ARM,2004,72.5,2.34,24.43,48.26
European Union,Belgium,BEL,2003,78.1,7.4,28.57,NA
Africa,Algeria,DZA,2003,72.1,2.69,11.3,NA
Oceania,Fiji,FJI,2015,67.1,0.7,8.13,28.53
South America,Paraguay,PRY,2002,71,4.61,12.08,19.5
European Union,Poland,POL,2006,75.1,3.3,21.83,56.54
Rest of Europe,Bosnia and Herzegovina,BIH,2006,75.3,1.9,14.6,45.77
Central America and Caribbean,Honduras,HND,2008,72.8,0.3,NA,NA
European Union,Romania,ROU,2013,75.1,7.1,26.33,61.57
European Union,Slovak Republic,SVK,2011,76,4.85,33.07,62.76
South America,Brazil,BRA,2007,72.6,11.66,NA,NA
Rest of Europe,Belarus,BLR,2009,70.4,5.45,37.13,104.2
Asia,Malaysia,MYS,2003,73.2,0.98,7.37,22.46
Rest of Europe,Iceland,ISL,2008,81.6,9.48,36.41,156.72
Middle East,Syrian Arab Republic,SYR,2012,70.6,6.71,14.73,18.09
Middle East,Kuwait,KWT,2015,75.1,6.75,26.47,71.54
Asia,Singapore,SGP,2002,78.6,2.65,14.09,33.77
Asia,Japan,JPN,2008,82.6,7.55,21.46,97.69
Africa,Algeria,DZA,2012,75.4,3.3,16.88,NA
European Union,Cyprus,CYP,2004,78.5,6.85,18.98,31.9
Rest of Europe,Armenia,ARM,2013,74.1,4.16,28.78,51.57
Oceania,Australia,AUS,2013,82.1,5.62,33.56,119.49
Central America and Caribbean,Grenada,GRD,2011,72.8,0.8,8.3,NA
Middle East,Oman,OMN,2000,72.1,1.15,14.28,34.31
Central America and Caribbean,Trinidad and Tobago,TTO,2001,69.7,1.65,9.31,26.65
Africa,Cote d Ivoire,CIV,2014,55.5,0.2,2.14,5.78
European Union,Croatia,HRV,2001,74.5,7.02,24.53,51.58
Rest of Europe,Ukraine,UKR,2004,68.2,4.52,29.68,64.96
European Union,Cyprus,CYP,2015,80.4,7.18,24.98,38.41
Africa,Zimbabwe,ZWE,2013,56.9,0.17,0.8,13.36
North America,Canada,CAN,2012,81.6,6.04,NA,93.72
Africa,Comoros,COM,2005,60.1,0.29,1.96,5.8
Rest of Europe,Moldova,MDA,2010,69.6,4.52,27.43,63.54
European Union,Estonia,EST,2009,74.8,8.96,32.81,64.48
Rest of Europe,Russian Federation,RUS,2000,65.5,2.97,46.36,100.27
European Union,Malta,MLT,2002,78.7,3.92,32.1,53.8
European Union,Bulgaria,BGR,2010,73.5,8.71,37.47,47.1
Asia,Azerbaijan,AZE,2007,69.8,2.86,36.69,81.37
Rest of Europe,Russian Federation,RUS,2011,69.7,2.91,42.2,95.89
European Union,Austria,AUT,2002,78.7,4.9,40.6,58.81
Middle East,Jordan,JOR,2005,72.6,6.96,21.41,28.9
European Union,Belgium,BEL,2013,80.6,7.14,29.57,109.02
Africa,Gabon,GAB,2008,59.9,0.19,NA,NA
Asia,Indonesia,IDN,2010,69.2,0.35,2.39,NA
Africa,Mauritius,MUS,2010,73,2.03,11.69,28.07
Asia,Singapore,SGP,2006,80.1,2.69,14.68,40.12
Central America and Caribbean,Belize,BLZ,2003,69.5,0.87,7.7,17.63
Rest of Europe,Georgia,GEO,2014,72.7,5.67,50.81,40.64
Africa,Burkina Faso,BFA,2010,57.1,0.02,0.44,5.34
Middle East,Jordan,JOR,2013,73.9,8.51,23.4,36.61
European Union,Finland,FIN,2000,77.5,9.71,24.99,80.02
European Union,Portugal,PRT,2006,78.4,6.49,35.72,48.42
European Union,Slovak Republic,SVK,2003,73.6,4.35,31.48,68.02
Africa,Zimbabwe,ZWE,2014,58.4,0.08,1.19,14.7
European Union,Poland,POL,2013,77,3.22,22.28,58.4
Asia,Tajikistan,TJK,2013,69.6,1.47,16.77,43.87
Central America and Caribbean,Nicaragua,NIC,2013,73.2,0.44,9.1,13.78
Middle East,Turkiye,TUR,2000,70,2.43,13.03,16.99
Middle East,United Arab Emirates,ARE,2002,74.8,2.91,17.61,33.39
Central America and Caribbean,El Salvador,SLV,2005,70.1,7.09,17.24,NA
European Union,Czechia,CZE,2008,77,6.72,35.58,83.9
Africa,Mozambique,MOZ,2012,53.9,0.03,0.56,4.15
Asia,Kazakhstan,KAZ,2000,65.5,2.55,31.58,59.43
European Union,Luxembourg,LUX,2009,80.6,8.19,27.08,114.61
European Union,Romania,ROU,2003,71.3,4.18,20.07,55.74
European Union,Latvia,LVA,2005,71.4,6.34,29.59,52.04
European Union,Hungary,HUN,2004,72.6,5.11,33.44,59.85
Central America and Caribbean,Panama,PAN,2003,75.6,2.72,13.48,22.12
European Union,Croatia,HRV,2008,75.9,7.63,27.35,57.33
South America,Brazil,BRA,2001,70.5,8.76,NA,30.05
South America,Peru,PER,2009,74.1,1.24,9.44,13.04
Africa,Burundi,BDI,2013,59.1,0,0.53,6.33
Central America and Caribbean,Panama,PAN,2005,75.9,2.83,13.55,20.15
Central America and Caribbean,Trinidad and Tobago,TTO,2011,72.2,2.46,17.43,31.39
European Union,Hungary,HUN,2006,73.1,4.97,30.42,64.07
European Union,Austria,AUT,2014,81.5,6,50.48,70.36
European Union,Lithuania,LTU,2009,72.9,7.42,38.54,76.42
European Union,Slovenia,SVN,2006,78.1,6,23.66,76.49
Africa,Mauritius,MUS,2014,74.2,2.83,18.8,31.93
Africa,Mali,MLI,2010,55.3,0.02,0.96,4.21
European Union,Latvia,LVA,2012,73.8,7.1,31.44,50.54
Africa,Mozambique,MOZ,2015,57.2,0.07,NA,NA
Middle East,Saudi Arabia,SAU,2014,74.5,4.41,23.71,55.46
European Union,Ireland,IRL,2007,79.6,5.77,38.4,136.51
Rest of Europe,Armenia,ARM,2008,72.9,4.04,26.95,51.06
Middle East,Syrian Arab Republic,SYR,2001,73.4,7.17,13.95,19.35
Middle East,Turkiye,TUR,2003,71.6,2.62,13.93,17.12
Rest of Europe,North Macedonia,MKD,2000,72.9,5.49,21.66,35.24
Middle East,Jordan,JOR,2003,72.3,6.05,21.55,28.19
Oceania,Tonga,TON,2001,69.7,3.2,3.39,33.01
European Union,Sweden,SWE,2008,81.1,8.14,36.81,115.17
Africa,Madagascar,MDG,2003,60.3,0.09,1.41,2.9
Rest of Europe,Georgia,GEO,2002,70.2,3.4,39.28,43.99
Middle East,Jordan,JOR,2008,73.1,7.29,20.85,27.73
European Union,France,FRA,2006,80.8,7.03,34.06,78.37
Africa,Morocco,MAR,2000,68.7,0.87,4.38,NA
Rest of Europe,Iceland,ISL,2010,81.9,9.4,35.89,153.21
Central America and Caribbean,Panama,PAN,2004,75.7,2.84,13.29,20.02
Asia,Brunei Darussalam,BRN,2004,73.8,1.93,13.12,54.55
Africa,Rwanda,RWA,2009,62.1,0.07,NA,6.6
European Union,Spain,ESP,2006,80.8,5.21,36.01,45.81
European Union,Germany,DEU,2013,80.5,8.45,40.15,107.6
Africa,Guinea Bissau,GNB,2004,51.9,0.02,1.39,7.94
European Union,Finland,FIN,2002,78.1,9.6,25.27,NA
Africa,Zimbabwe,ZWE,2012,55,0.17,0.77,11.24
European Union,Lithuania,LTU,2005,71.3,7.13,37.21,76.05
European Union,Estonia,EST,2010,75.4,9,32.44,64.02
Asia,Brunei Darussalam,BRN,2006,74.2,2.06,10.94,54.02
European Union,Cyprus,CYP,2008,79.1,6.81,20.07,32.71
European Union,Denmark,DNK,2015,80.7,7.61,39.3,102.53
Africa,Rwanda,RWA,2008,60.6,0.06,NA,6.68
South America,Chile,CHL,2005,77.6,0.01,9.7,NA
European Union,Italy,ITA,2002,80.2,5.4,35.44,58.17
Asia,Brunei Darussalam,BRN,2011,74.9,2.38,15.22,78.57
Middle East,Oman,OMN,2005,74.2,1.82,17,37.71
Rest of Europe,Moldova,MDA,2000,67,3.14,24.37,56.22
Middle East,Turkiye,TUR,2007,73.2,2.73,15.32,20.05
Middle East,Kuwait,KWT,2003,73.4,3.71,20.12,48.35
European Union,Austria,AUT,2000,78.1,4.65,38.76,57.34
Africa,Gambia The,GMB,2005,57.9,0.06,1,4.39
Central America and Caribbean,Nicaragua,NIC,2011,72.7,0.45,8.25,13.85
European Union,Portugal,PRT,2010,79,7.66,39.82,59.02
South America,Argentina,ARG,2013,75.8,10.84,48.71,51.24
Rest of Europe,Switzerland,CHE,2000,79.7,4.83,35.1,118.74
European Union,Slovak Republic,SVK,2013,76.4,4.78,33.93,60.81
Rest of Europe,Georgia,GEO,2015,73,6.51,53.13,42.64
Oceania,New Zealand,NZL,2014,81.4,6.16,28.89,106.44
North America,United States,USA,2009,78.4,5.89,24.34,107.54
Central America and Caribbean,St Lucia,LCA,2014,75.4,2.24,19.01,NA
Rest of Europe,Belarus,BLR,2002,68.1,4.43,32.75,97.67
European Union,Netherlands,NLD,2008,80.3,4.46,28.44,83.27
Asia,Cambodia,KHM,2000,58.4,0.17,1.64,8.93
Asia,Malaysia,MYS,2011,74.7,1.46,12.55,34.36
Asia,Turkmenistan,TKM,2015,67.7,1.03,19.74,39.57
Asia,Brunei Darussalam,BRN,2009,74.6,1.87,11.56,51.07
European Union,Belgium,BEL,2001,78,7.47,28.49,NA
European Union,Spain,ESP,2012,82.4,6.63,38.04,53.85
European Union,Slovenia,SVN,2010,79.4,6.16,24.35,82.52
Asia,Japan,JPN,2014,83.6,7.92,23.54,111.8
Oceania,Vanuatu,VUT,2012,69.4,0.68,1.85,18.44
Middle East,Kuwait,KWT,2001,73.2,3.12,18.66,47.31
Middle East,Kuwait,KWT,2008,74,5.58,23.75,59.55
European Union,Slovenia,SVN,2007,78.6,6.13,23.9,77.75
Asia,Myanmar,MMR,2012,64.5,0.6,5.99,9.81
Middle East,Syrian Arab Republic,SYR,2014,69.8,8.55,14.88,22.2
European Union,Ireland,IRL,2000,76.5,4.99,22.19,139.57
Africa,Namibia,NAM,2014,61.4,0.29,NA,18.22
European Union,Portugal,PRT,2015,81.1,9.13,47.48,65.31
Africa,Burkina Faso,BFA,2012,58.4,0.02,0.46,6.09
Asia,Turkmenistan,TKM,2005,65,0.99,23.56,46.55
North America,Canada,CAN,2013,81.7,6.1,NA,95.13
Asia,Cambodia,KHM,2015,68.6,0.16,1.5,9.31
European Union,Latvia,LVA,2004,72,6.04,29.16,50.82
European Union,Spain,ESP,2015,82.8,7.42,38.26,54.42
Africa,Eswatini,SWZ,2004,42.7,0.16,1.59,63.62
European Union,Denmark,DNK,2013,80.3,7.83,38.49,102.75
European Union,Bulgaria,BGR,2004,72.6,8.4,35.37,42.82
Asia,Tajikistan,TJK,2012,69.3,1.49,16.97,43.2
European Union,Netherlands,NLD,2013,81.3,4.9,32.82,NA
Africa,Uganda,UGA,2004,50.6,0.04,0.81,6.99
Middle East,Oman,OMN,2011,75.9,2.36,20.57,46.28
European Union,Estonia,EST,2001,70.3,8.08,27.83,61.25
Africa,Mauritania,MRT,2009,62.3,0.21,1.36,7.01
Central America and Caribbean,Trinidad and Tobago,TTO,2010,71.9,2.47,17.32,28.16
European Union,Romania,ROU,2005,71.9,4.82,22.34,58.17
European Union,Slovenia,SVN,2012,80.1,6.31,25.46,82.36
Africa,Madagascar,MDG,2008,62.5,0.1,1.78,2.69
European Union,Czechia,CZE,2013,78.2,7.07,36.89,84.13
Central America and Caribbean,Costa Rica,CRI,2015,79.6,9.37,18.06,24.22
Asia,Maldives,MDV,2004,73,0.33,10.02,29.4
European Union,Greece,GRC,2008,79.9,13.26,57.1,35.01
Asia,Myanmar,MMR,2007,62.3,0.39,4.53,8.34
Africa,Eritrea,ERI,2004,57.9,0.06,0.55,9.64
European Union,Slovak Republic,SVK,2014,76.8,4.88,34.3,60.87
South America,Colombia,COL,2011,75.7,6.11,15.08,9.24
Africa,Ghana,GHA,2004,58.2,0.05,1.48,9.01
North America,United States,USA,2008,78,5.85,24.29,107.33
European Union,Finland,FIN,2007,79.3,7.2,23.86,98.72
European Union,Sweden,SWE,2010,81.5,8.11,38.08,116.14
South America,Colombia,COL,2007,74.7,10.36,15.28,7.54
Oceania,New Zealand,NZL,2006,80,4.09,22.73,93.97
European Union,Netherlands,NLD,2011,81.2,4.88,31.03,NA
Oceania,Australia,AUS,2014,82.3,5.71,34.32,121.11
European Union,Malta,MLT,2000,78.3,3.93,25.61,NA
Africa,South Africa,ZAF,2011,58.9,1.02,7.09,10.46
Rest of Europe,North Macedonia,MKD,2011,75.1,7.95,27.69,42.58
Asia,Thailand,THA,2006,72.5,1.32,2.84,15.27
European Union,Spain,ESP,2001,79.4,4.49,31.06,39.95
European Union,Hungary,HUN,2002,72.3,4.78,32.01,58.98
Africa,Burundi,BDI,2011,57.9,0,0.37,6.15
Rest of Europe,Armenia,ARM,2005,72.6,3.19,25.43,49.47
Asia,India,IND,2014,68.3,1.18,7.15,19.98
North America,Mexico,MEX,2009,75.1,1.08,19.87,23.72
Asia,Uzbekistan,UZB,2009,69.4,1.79,25.82,112.24
Asia,Philippines,PHL,2012,70.1,2.24,5.64,40.61
Central America and Caribbean,Cuba,CUB,2015,78.6,15.56,78.03,79.82
Africa,Malawi,MWI,2008,52.2,0.12,0.18,2.79
Africa,Cameroon,CMR,2011,55.6,0.03,0.91,9.47
Africa,Morocco,MAR,2005,71.7,1.08,5.66,NA
Africa,Cote d Ivoire,CIV,2004,49.8,0.17,1.06,5.2
European Union,Croatia,HRV,2014,77.5,7.89,31.53,61.94
Rest of Europe,North Macedonia,MKD,2006,73.9,5.62,24.83,34.16
Asia,Thailand,THA,2010,74.2,1.73,3.83,20.23
Africa,Libya,LBY,2008,72.2,3.28,17.9,53.71
European Union,Romania,ROU,2002,71,3.84,21.04,56.69
European Union,Spain,ESP,2007,80.9,5.39,35.38,47.31
Asia,Malaysia,MYS,2009,74.3,1.27,10.86,29.8
Africa,Chad,TCD,2004,48.3,0.01,0.35,2.52
Asia,Uzbekistan,UZB,2010,69.7,1.8,25.55,114.32
South America,Ecuador,ECU,2004,73.9,1.23,8.84,13.7
South America,Chile,CHL,2002,76.9,0.01,8.82,NA
European Union,Ireland,IRL,2009,80.2,5.96,40.07,129.31
Asia,Sri Lanka,LKA,2006,74.9,0.58,5.05,16.18
Rest of Europe,Switzerland,CHE,2008,82,5.22,38.2,138.88
European Union,France,FRA,2001,79.2,7.12,33.58,69.72
Africa,Namibia,NAM,2004,50.6,0.42,3.08,31.64
Asia,Brunei Darussalam,BRN,2002,73.3,2.06,11.76,62.34
Africa,Mozambique,MOZ,2013,54.9,0.05,0.58,4.27
European Union,Latvia,LVA,2002,71,5.46,27.88,47.65
Asia,Turkmenistan,TKM,2002,64.1,2.09,26.57,71.95
Asia,Malaysia,MYS,2007,73.9,1.17,8.79,26.03
Africa,Tunisia,TUN,2005,74.2,1.8,9.19,20.41
Central America and Caribbean,Cuba,CUB,2012,78.4,12.38,72.6,81.51
European Union,Austria,AUT,2007,80.2,5.59,45.44,64.25
South America,Uruguay,URY,2008,76.4,7.5,39.96,59.34
Rest of Europe,Armenia,ARM,2003,72.3,2.07,24.39,49.04
European Union,Luxembourg,LUX,2004,79.1,7.72,24.22,93.59
Middle East,Turkiye,TUR,2010,74.5,2.92,16.83,22.51
Africa,Libya,LBY,2015,72.1,7.64,18.61,NA
Middle East,Turkiye,TUR,2013,75.8,2.92,17.51,25.26
European Union,Lithuania,LTU,2007,70.9,7.18,38.84,76.59
European Union,Greece,GRC,2010,80.4,13.18,57.56,36.84
Rest of Europe,Russian Federation,RUS,2015,71.2,2.81,39.25,93.89
European Union,Bulgaria,BGR,2012,74.3,9.48,38.68,48.31
Oceania,Solomon Islands,SLB,2011,71,0.65,1.97,17.49
Africa,Madagascar,MDG,2005,61.2,0.1,1.72,3.35
Rest of Europe,North Macedonia,MKD,2008,74.4,6.67,25.9,40
European Union,Greece,GRC,2001,78.4,11.43,44.22,31.76
Rest of Europe,Moldova,MDA,2011,70.1,4.7,28.28,64.73
European Union,Hungary,HUN,2008,73.7,5.06,30.97,63.33
Africa,Libya,LBY,2009,72.1,5.96,18.86,67.51
Africa,Tunisia,TUN,2002,73.6,1.4,7.99,20.7
Africa,Mauritius,MUS,2011,73.3,2.08,14.07,28.53
European Union,Germany,DEU,2008,79.7,8.01,35.84,99.49
Central America and Caribbean,Haiti,HTI,2011,60.9,0.05,1.4,12.09
Central America and Caribbean,Cuba,CUB,2002,77.1,8.91,60.01,75.04
South America,Ecuador,ECU,2001,73.1,1.2,8.51,13.54
Africa,Congo Dem Rep ,COD,2009,56.4,0.01,0.88,3.85
Africa,Gambia The,GMB,2008,59,0.07,0.96,7.76
Asia,Turkmenistan,TKM,2014,67.6,1.04,20.02,39.84
Oceania,Tonga,TON,2010,70.1,0.93,5.4,37.24
European Union,Germany,DEU,2000,77.9,7.51,32.63,88.39
Asia,Uzbekistan,UZB,2005,68.4,1.97,26.77,110.09
Oceania,Kiribati,KIR,2011,66.1,0.27,1.36,37.25
Oceania,Timor Leste,TLS,2004,62.9,0.02,NA,19.32
Central America and Caribbean,Panama,PAN,2007,76.2,2.75,13.09,NA
Africa,Ghana,GHA,2008,60.2,0.02,0.77,9.42
Middle East,Bahrain,BHR,2011,76.2,1.05,10.01,26.45
Middle East,United Arab Emirates,ARE,2004,75.2,3.35,17.62,30.79
European Union,Germany,DEU,2004,78.7,7.73,33.92,92.94
Rest of Europe,Iceland,ISL,2012,82.9,8.42,35.6,159.57
Asia,Brunei Darussalam,BRN,2005,74,2.03,10.87,55.89
Middle East,Bahrain,BHR,2006,75.5,1.04,9.77,26.19
Oceania,Samoa,WSM,2013,72.4,0.61,4.64,NA
Asia,Kazakhstan,KAZ,2007,66.3,3.52,35.3,71.32
Rest of Europe,United Kingdom,GBR,2010,80.4,5.13,26.45,88.59
Middle East,Kuwait,KWT,2005,73.5,4.1,22.02,48.02
Rest of Europe,North Macedonia,MKD,2002,73,5.7,22.04,36.78
European Union,Estonia,EST,2000,70.4,7.54,29.42,61.99
Central America and Caribbean,Trinidad and Tobago,TTO,2000,69.4,1.5,9.66,24.96
Asia,Kazakhstan,KAZ,2008,67.1,3.43,35.88,68.57
Oceania,New Zealand,NZL,2011,80.9,5.98,26.55,107.04
European Union,Slovenia,SVN,2013,80.3,6.5,26.34,83.92
European Union,Sweden,SWE,2014,82.3,8.15,41.09,117.11
Rest of Europe,Georgia,GEO,2005,70.5,3.39,39.91,43.31
European Union,Portugal,PRT,2003,77.2,5.34,33.42,41.94
Central America and Caribbean,Costa Rica,CRI,2014,79.4,9.24,26.59,24.08
Central America and Caribbean,Cuba,CUB,2005,77.7,9.37,62.68,79.43
Africa,Nigeria,NGA,2008,49.9,0.16,3.59,14.27
European Union,Belgium,BEL,2015,81,7.35,30.17,118.21
European Union,Greece,GRC,2012,80.6,12.86,57.78,35.81
European Union,Netherlands,NLD,2015,81.5,5.1,34.57,106.43
Africa,Cameroon,CMR,2007,53.7,0.02,0.73,4.56
Middle East,Oman,OMN,2007,74.9,2.04,19.1,40.44
Central America and Caribbean,Cuba,CUB,2004,77.5,9.3,62.03,75.34
North America,United States,USA,2004,77.5,5.8,23.92,102.97
European Union,Hungary,HUN,2011,74.9,5.26,29.66,64
Africa,Morocco,MAR,2009,74,1.27,5.54,9.27
Central America and Caribbean,St Lucia,LCA,2012,75.1,2.84,21.9,NA
North America,United States,USA,2012,78.7,5.96,24.74,110.32
Asia,Brunei Darussalam,BRN,2007,74.4,2.18,10.6,51.63
Rest of Europe,Armenia,ARM,2010,73.3,4.29,27.9,51.44
Africa,Nigeria,NGA,2013,52.2,0.22,3.63,9.73
Oceania,Australia,AUS,2005,80.8,4.96,27.64,97.07
European Union,Poland,POL,2008,75.5,3.43,21.69,57.95
European Union,Italy,ITA,2006,81.3,6.3,36.85,53.52
Central America and Caribbean,Panama,PAN,2008,76.4,2.83,13.87,NA
European Union,Cyprus,CYP,2014,80.2,6.98,23.96,37.52
Africa,Cabo Verde,CPV,2008,70.8,0.06,NA,NA
Asia,India,IND,2004,64.1,0.49,5.67,NA
North America,Canada,CAN,2009,81,5.72,NA,92.9
Oceania,Australia,AUS,2000,79.2,4.54,24.76,100.13
European Union,Croatia,HRV,2005,75.2,7.46,25.73,53.26
Rest of Europe,Moldova,MDA,2012,70.6,4.8,28.89,65.6
European Union,Ireland,IRL,2010,80.7,5.97,41.32,134.51
South America,Ecuador,ECU,2003,73.6,1.24,8.08,12.97
European Union,Slovak Republic,SVK,2001,73.4,4.41,32.23,72.63
European Union,Greece,GRC,2007,79.4,13.06,56.32,34.61
European Union,Croatia,HRV,2015,77.3,8,32.1,62.65
Central America and Caribbean,St Vincent and the Grenadines,VCT,2004,71.2,1.15,8.95,44.68
Rest of Europe,North Macedonia,MKD,2003,73.2,5.44,21.37,34.76
Rest of Europe,North Macedonia,MKD,2001,73.4,5.45,21.58,35.35
Central America and Caribbean,Barbados,BRB,2005,77.9,3.09,18.2,48.79
Oceania,New Zealand,NZL,2004,79.5,3.85,21.9,94.23
North America,Canada,CAN,2005,80.2,5.6,NA,86.91
Oceania,Papua New Guinea,PNG,2000,59.3,0.16,0.5,5.13
North America,Mexico,MEX,2004,75.2,0.98,16.55,21.15
Asia,Uzbekistan,UZB,2007,68.9,1.75,26.45,109.24
Central America and Caribbean,Panama,PAN,2002,75.4,2.87,13.43,19.29
European Union,Ireland,IRL,2006,79.2,5.66,36.33,125.56
European Union,Poland,POL,2001,74.2,2.65,22.67,54.47
European Union,Spain,ESP,2002,79.6,4.62,31.05,42
North America,Mexico,MEX,2003,75.1,0.94,15.8,21.39
Middle East,Bahrain,BHR,2015,76.8,0.98,9.27,24.98
European Union,Portugal,PRT,2000,76.3,4.33,32.07,NA
European Union,Greece,GRC,2011,80.7,13.07,57.74,37.06
Middle East,Jordan,JOR,2014,74,7.83,22.36,34.85
Rest of Europe,Ukraine,UKR,2009,69.2,6.37,34.42,74.38
Rest of Europe,North Macedonia,MKD,2013,75.4,8.47,28.83,43.35
European Union,France,FRA,2010,81.7,6.8,33.45,85.71
Rest of Europe,Norway,NOR,2011,81.3,8.84,41.88,169.37
Central America and Caribbean,St Lucia,LCA,2010,74.9,1.64,16.79,NA
Rest of Europe,Georgia,GEO,2009,71.2,2.77,44.38,40.95
Middle East,Syrian Arab Republic,SYR,2013,70,8.04,14.85,20.89
Rest of Europe,Switzerland,CHE,2011,82.7,5.21,38.32,154.55
European Union,Estonia,EST,2006,72.7,8.87,31.82,66.12
European Union,Finland,FIN,2012,80.6,7.34,26.02,114.1
Rest of Europe,Ukraine,UKR,2013,71.2,6.71,34.33,74.32
European Union,France,FRA,2005,80.2,7.07,34.13,76.43
Asia,Singapore,SGP,2015,82.7,3.6,21.4,61.04
European Union,Belgium,BEL,2011,80.6,7.05,29.15,103.67
European Union,Spain,ESP,2009,81.5,5.73,35.77,50.83
Africa,Mozambique,MOZ,2004,50.1,0.01,0.26,3.28
Africa,Sierra Leone,SLE,2010,49.4,0.01,0.22,NA
Central America and Caribbean,Jamaica,JAM,2014,74,0.13,3.91,14.69
Rest of Europe,Norway,NOR,2002,79,8.09,32.18,142.24
Africa,Seychelles,SYC,2004,72.7,1.47,13.72,71.88
Asia,Uzbekistan,UZB,2006,68.7,1.8,26.62,108.29
Middle East,Kuwait,KWT,2002,73.3,3.18,19.22,48.72
European Union,Croatia,HRV,2003,74.6,7.16,25.12,51.95
European Union,Luxembourg,LUX,2005,79.4,7.95,25.57,112.91
Rest of Europe,Moldova,MDA,2005,67.8,3.64,25.15,58.89
Rest of Europe,Iceland,ISL,2000,79.7,10.06,34.41,139.85
Middle East,Lebanon,LBN,2009,78.2,9.94,NA,16.6
European Union,Ireland,IRL,2004,78.5,5.5,27.4,123.46
Asia,Philippines,PHL,2004,69,5.31,10.86,41.56
Middle East,Israel,ISR,2008,81,8.28,35.2,52.58
Asia,Mongolia,MNG,2012,68.2,2.85,30.75,38.22
Asia,Singapore,SGP,2010,81.5,2.78,16.72,48.41
Africa,Rwanda,RWA,2015,67.5,0.11,1.1,9.65
European Union,Sweden,SWE,2011,81.8,8.18,38.88,116.44
Rest of Europe,Belarus,BLR,2005,68.9,4.71,33.26,99.32
Asia,Tajikistan,TJK,2009,68.4,1.51,16.16,35.37
Rest of Europe,Georgia,GEO,2001,70.1,3.17,37.93,43.97
Rest of Europe,Bosnia and Herzegovina,BIH,2005,75.2,1.76,14.09,44.75
Central America and Caribbean,Dominican Republic,DOM,2011,72.3,1.92,15.07,13.45
European Union,Luxembourg,LUX,2001,77.8,6.23,22.09,76.75
Middle East,Turkiye,TUR,2005,72.4,2.62,14.55,17.56
Middle East,Iraq,IRQ,2010,68.6,1.55,6.36,NA
South America,Ecuador,ECU,2009,74.9,1.7,12.16,16.34
Rest of Europe,Moldova,MDA,2014,71.3,5.27,34.69,64.72
European Union,Cyprus,CYP,2010,79.4,6.85,21.27,34.99
Central America and Caribbean,Panama,PAN,2011,77,3.02,15.03,23.23
Central America and Caribbean,Belize,BLZ,2004,69.7,0.44,8.13,16.53
European Union,Malta,MLT,2014,82,4.63,36.04,82.92
European Union,Malta,MLT,2012,80.7,4.45,32.37,69.67
Asia,Azerbaijan,AZE,2008,70.2,2.78,36.35,80.51
Oceania,Australia,AUS,2003,80.2,4.71,26.15,98.88
European Union,Bulgaria,BGR,2007,72.7,8.52,36.75,46.98
Africa,Mauritania,MRT,2004,61.2,0.16,1.09,6.6
Middle East,Oman,OMN,2009,75.4,2.32,20.72,45.08
Rest of Europe,Russian Federation,RUS,2010,68.8,2.88,49.73,96.57
European Union,Malta,MLT,2008,79.6,4.37,32.79,66.42
Rest of Europe,Albania,ALB,2002,74.6,4.28,11.67,36.6
South America,Brazil,BRA,2006,72.3,11.64,NA,NA
European Union,Hungary,HUN,2009,73.9,4.92,30.27,63.97
Oceania,New Zealand,NZL,2008,80.4,4.49,24.63,103.24
Africa,Morocco,MAR,2013,75.2,1.39,5.07,9.7
European Union,France,FRA,2014,82.7,6.5,31.69,89.11
Africa,Kenya,KEN,2014,64.1,0.24,1.99,9.41
Africa,Nigeria,NGA,2015,53.1,0.2,NA,NA
Asia,Turkmenistan,TKM,2006,65.4,1.11,22.36,44.74
European Union,Slovak Republic,SVK,2012,76.1,4.93,33.66,61.51
Middle East,United Arab Emirates,ARE,2010,76.3,4.44,17.49,32.69
Asia,Malaysia,MYS,2006,73.7,1.11,8.3,26.58
North America,Mexico,MEX,2015,74.9,1.31,23.4,27.73
Asia,Cambodia,KHM,2011,67,0.2,2.24,8.63
Central America and Caribbean,Dominican Republic,DOM,2008,71.6,1.26,10.85,NA
European Union,Bulgaria,BGR,2008,73,8.38,36.43,47.31
Asia,Kyrgyz Republic,KGZ,2002,68.2,2.06,20.17,68.39
Central America and Caribbean,St Vincent and the Grenadines,VCT,2012,71.9,1.66,9.38,NA
Asia,Indonesia,IDN,2009,68.9,0.22,2.59,NA
Asia,Myanmar,MMR,2005,61.6,0.34,3.92,7.7
Rest of Europe,Serbia,SRB,2011,74.5,3.46,30.43,62.33
Rest of Europe,Moldova,MDA,2001,67.2,3.11,22.91,55.31
South America,Ecuador,ECU,2007,74.5,1.59,9.78,14.14
Oceania,Timor Leste,TLS,2001,59.9,0.01,NA,NA
European Union,Czechia,CZE,2007,76.7,6.72,35.61,84.15
Rest of Europe,Armenia,ARM,2002,72.1,1.92,25.45,50.93
Rest of Europe,Georgia,GEO,2008,70.9,2.96,42.05,41.39
Rest of Europe,United Kingdom,GBR,2007,79.4,4.79,24.81,91.05
Oceania,Solomon Islands,SLB,2012,71.3,0.38,1.5,16.84
South America,Brazil,BRA,2003,71.2,9.47,NA,36.84
European Union,Luxembourg,LUX,2013,81.8,8.47,28.3,123
Middle East,Saudi Arabia,SAU,2013,74.4,4.46,24.26,NA
Middle East,Kuwait,KWT,2009,74.2,5.48,24.3,61.91
North America,Mexico,MEX,2008,75.2,1.05,19.57,23.16
Africa,Botswana,BWA,2012,63.5,0.26,3.88,27.58
European Union,Austria,AUT,2005,79.3,5.14,43.48,61.97
Africa,Djibouti,DJI,2004,57.7,0.12,1.56,3.58
Central America and Caribbean,Grenada,GRD,2001,72.8,0.83,5.37,33.89
Oceania,Australia,AUS,2012,82,5.59,32.93,101.66
Middle East,Syrian Arab Republic,SYR,2009,72.9,7.19,13.62,17.78
Middle East,Lebanon,LBN,2015,78.8,8.54,21.23,15.56
Oceania,Kiribati,KIR,2013,66.7,0.62,1.93,54.48
Asia,India,IND,2001,62.9,0.44,5.45,NA
Africa,Nigeria,NGA,2009,50.4,0.15,3.6,10.25
Rest of Europe,Russian Federation,RUS,2002,65.1,2.96,46.76,99.76
European Union,Romania,ROU,2001,71.2,3.75,19.88,54.73
Asia,Turkmenistan,TKM,2009,66.4,1.06,21.05,41.37
Middle East,Israel,ISR,2013,82.1,6.97,34.72,51.1
Africa,Zimbabwe,ZWE,2008,46.5,0.14,NA,NA
Asia,Philippines,PHL,2015,70.6,2.26,6.09,45.28
Rest of Europe,Montenegro,MNE,2010,76,0.48,20.19,52.18
Middle East,Kuwait,KWT,2013,74.9,6.27,25.47,62.39
European Union,Netherlands,NLD,2012,81.1,4.9,32.23,NA
South America,Suriname,SUR,2004,68.6,0.82,7.78,15.39
Africa,Seychelles,SYC,2008,73.2,1.3,7.57,44
Africa,Mali,MLI,2009,54.8,0.03,1.16,4.19
Asia,Uzbekistan,UZB,2008,69.2,1.82,26.17,111.88
North America,United States,USA,2011,78.6,5.93,24.44,109.95
Africa,Botswana,BWA,2009,58.4,0.28,3.48,29.22
European Union,Portugal,PRT,2005,78.1,5.93,35.02,45.85
Asia,Tajikistan,TJK,2000,62,1.47,16.45,41.36
Asia,Cambodia,KHM,2009,66,0.17,2.35,8.44
Africa,Guinea Bissau,GNB,2009,54.1,0.05,0.81,6.83
Central America and Caribbean,Cuba,CUB,2006,77.9,9.53,63.39,83.8
Rest of Europe,Moldova,MDA,2009,69.1,4.3,27.09,62.2
Rest of Europe,Albania,ALB,2006,75.4,3.39,11.89,41.78
European Union,Ireland,IRL,2011,80.7,5.82,41.08,129.43
European Union,Netherlands,NLD,2000,78,3.9,24.23,NA
Asia,Thailand,THA,2014,75.7,0.94,4.35,22.62
Africa,Libya,LBY,2014,72,7.13,20.37,67.24
Asia,Pakistan,PAK,2014,66.4,0.71,8.18,4.21
South America,Colombia,COL,2002,73.5,7.99,13.24,5.7
Oceania,Australia,AUS,2010,81.7,5.18,33.45,104.08
Asia,Mongolia,MNG,2009,66.9,1.98,26.79,36.34
European Union,France,FRA,2004,80.2,7.08,34.13,74.63
Middle East,United Arab Emirates,ARE,2011,76.5,4.17,17.86,35.49
Asia,Bangladesh,BGD,2002,66.4,0.14,NA,NA
Middle East,United Arab Emirates,ARE,2000,74.3,2.3,16.16,30.51
European Union,Czechia,CZE,2012,78.1,7.1,36.76,84.86
European Union,Luxembourg,LUX,2006,79.3,7.93,26.05,112.6
Rest of Europe,North Macedonia,MKD,2015,75.4,9.21,30.17,48.2
Middle East,Israel,ISR,2001,79.4,8.2,36.93,58.78
Asia,Philippines,PHL,2002,68.9,5.2,10.88,41.8
Middle East,Syrian Arab Republic,SYR,2000,73.1,6.71,13.47,19.28
Rest of Europe,North Macedonia,MKD,2007,73.8,6.29,24.27,37.05
South America,Chile,CHL,2007,78.1,0.01,10.28,NA
Africa,Mozambique,MOZ,2010,52.3,0.03,0.5,4.13
Central America and Caribbean,Costa Rica,CRI,2013,79.2,10.03,25.56,21.79
Asia,Malaysia,MYS,2004,73.4,1.01,7.22,23.78
North America,Mexico,MEX,2011,75,1.17,21.09,25.19
Africa,Seychelles,SYC,2005,72.1,1.12,11.65,43.67
Middle East,Jordan,JOR,2000,71.7,5.36,17.78,28.9
European Union,Slovak Republic,SVK,2007,74.2,5.32,33.88,66.39
Asia,Singapore,SGP,2013,82.2,3.36,19.2,56.69
Middle East,Israel,ISR,2015,82.1,8.24,34.31,52.07
Asia,Brunei Darussalam,BRN,2015,75.3,2.23,17.5,65.28
Central America and Caribbean,Cuba,CUB,2003,77.3,9.07,60.68,71.68
South America,Chile,CHL,2012,79.2,7.02,17.35,18.36
Africa,Mauritius,MUS,2009,72.9,1.96,11.53,27.37
European Union,Estonia,EST,2008,73.8,9.25,33.42,67.15
Rest of Europe,Serbia,SRB,2010,74.3,3.42,30.17,61.41
European Union,Latvia,LVA,2009,73.1,7.05,31.53,51.02
South America,Chile,CHL,2013,79.3,8.14,18.68,21.52
Africa,Congo Rep ,COG,2011,60.8,0.29,1.14,17.06
South America,Colombia,COL,2013,76.1,6.81,17.21,11.03
Asia,Maldives,MDV,2015,77.7,1.45,NA,69.83
Rest of Europe,Ukraine,UKR,2001,67.8,4.48,29.84,64.79
European Union,France,FRA,2007,81.1,6.98,33.88,79.19
Middle East,Kuwait,KWT,2011,74.6,5.86,24.84,65.74
Rest of Europe,Iceland,ISL,2006,81.2,9.41,36.03,145.02
Africa,Madagascar,MDG,2011,63.8,0.08,1.37,2.08
European Union,Sweden,SWE,2002,79.8,8.17,32.12,106.95
European Union,Finland,FIN,2013,81,7.28,26.52,116.26
Asia,Kazakhstan,KAZ,2013,70.6,3.65,38.32,77.83
European Union,Ireland,IRL,2003,78.1,5.44,25.72,147.72
Asia,Nepal,NPL,2004,64.7,0.09,2.07,4.55
European Union,Netherlands,NLD,2006,79.7,4.27,27.7,81.3
European Union,Netherlands,NLD,2007,80.1,4.44,27.68,82.27
Middle East,Jordan,JOR,2006,72.8,7.15,21.36,30.83
Central America and Caribbean,Trinidad and Tobago,TTO,2006,71,2.09,11.72,34.07
Rest of Europe,Serbia,SRB,2013,75.2,3.29,30.58,62.45
Central America and Caribbean,Grenada,GRD,2006,73.1,1.73,6.27,36.15
European Union,Portugal,PRT,2007,78.3,6.44,36.57,51.28
Rest of Europe,Norway,NOR,2012,81.5,8.65,42.32,170.69
Asia,Mongolia,MNG,2008,66.4,1.95,28.79,36.46
European Union,Sweden,SWE,2015,82.2,8.16,41.74,117.28
Asia,Malaysia,MYS,2015,75.5,2.04,14.89,40.13
Asia,Philippines,PHL,2010,69.8,2.25,5.43,26.47
Africa,Zimbabwe,ZWE,2011,52.9,0.19,0.78,12.52
European Union,Latvia,LVA,2011,73.6,7.07,31.34,51.51
Africa,Madagascar,MDG,2012,64.3,0.08,1.36,2.07
European Union,Finland,FIN,2015,81.5,7.3,26.98,120.22
Rest of Europe,Moldova,MDA,2013,71,5.14,30.6,65.59
Asia,Azerbaijan,AZE,2003,67.8,2.71,35.34,82.54
Oceania,Australia,AUS,2002,79.9,4.78,25.46,98.93
Asia,Pakistan,PAK,2004,63.7,0.38,6.79,4.19
Asia,Pakistan,PAK,2013,66.1,0.65,7.95,4.78
European Union,Portugal,PRT,2001,76.8,4.69,32.58,NA
Asia,Uzbekistan,UZB,2013,70.4,1.76,24.21,114.05
Asia,Turkmenistan,TKM,2008,66,0.96,21.26,41.94
European Union,Finland,FIN,2008,79.6,7.43,24.11,102.59
Asia,Kazakhstan,KAZ,2010,68.5,3.95,37.91,74.53
European Union,Croatia,HRV,2004,75.5,7.41,25.74,52.9
North America,Canada,CAN,2004,79.9,5.74,NA,84.71
Central America and Caribbean,Panama,PAN,2013,77.4,2.71,15.86,29.38
Rest of Europe,Russian Federation,RUS,2009,68.7,2.85,49.44,97.24
Africa,Seychelles,SYC,2012,74.3,1.41,9.35,42.11
Asia,Tajikistan,TJK,2004,65.3,1.43,16.41,34.6
European Union,Romania,ROU,2000,71.2,3.61,19.61,53.94
Africa,Tunisia,TUN,2004,74,2.07,9.65,23.53
Africa,Comoros,COM,2012,62.6,0.26,1.81,NA
Asia,Thailand,THA,2012,75,0.82,3.65,19.31
Africa,Zimbabwe,ZWE,2009,48.4,0.14,1.15,9.05
Africa,Comoros,COM,2009,61.5,0.33,1.99,7.37
Rest of Europe,Switzerland,CHE,2014,83.2,5.1,41.25,164.53
South America,Guyana,GUY,2000,65.2,0.39,4.79,22.73
Asia,Philippines,PHL,2014,70.5,2.25,5.89,43.73
South America,Brazil,BRA,2002,70.8,9.14,NA,33.97
European Union,Latvia,LVA,2008,72.4,6.96,32.33,57.69
Middle East,Syrian Arab Republic,SYR,2005,74.4,8.36,15.01,18.39
Rest of Europe,Belarus,BLR,2012,72,5.49,38.85,108.62
South America,Colombia,COL,2000,72.9,7.76,12.64,5.04
European Union,Spain,ESP,2003,79.6,4.71,32,44.13
Asia,Sri Lanka,LKA,2000,71.3,0.33,4.13,11.6
Middle East,Kuwait,KWT,2010,74.4,5.55,24.7,66.37
European Union,Poland,POL,2007,75.2,3.51,21.97,57.68
North America,Mexico,MEX,2000,74.3,1.01,16.31,22.37
Africa,Guinea Bissau,GNB,2008,53.6,0.01,0.52,6.4
Asia,Turkmenistan,TKM,2003,64.4,2.02,25.51,75.46
Asia,Pakistan,PAK,2000,62.8,0.27,5.93,3.88
Middle East,Lebanon,LBN,2006,77.3,8.54,24.75,NA
Rest of Europe,Georgia,GEO,2007,70.8,3.02,40.99,41.03
European Union,France,FRA,2002,79.3,7.1,33.81,71.32
Rest of Europe,Moldova,MDA,2008,68.7,4.2,26.23,61.17
Middle East,Iran Islamic Rep ,IRN,2005,71.9,1.84,8.61,13.65
Asia,Philippines,PHL,2011,70,2.27,5.54,37.1
Asia,Sri Lanka,LKA,2012,75.8,0.58,7.42,17.77
Middle East,Jordan,JOR,2015,74.1,7.13,27.26,NA
European Union,Belgium,BEL,2002,78.1,7.44,28.59,NA
European Union,Portugal,PRT,2011,80.5,7.68,41.23,61.08
Middle East,Iraq,IRQ,2015,69.9,1.94,7.18,15.82
Asia,Kazakhstan,KAZ,2004,66.1,3.42,34.55,65.23
European Union,Czechia,CZE,2001,75.2,6.55,34.42,83.17
European Union,Luxembourg,LUX,2000,77.9,5.96,21.51,76.06
Rest of Europe,Russian Federation,RUS,2001,65.4,2.96,46.39,98.87
European Union,Lithuania,LTU,2010,73.3,7.93,39.47,76.58
European Union,Romania,ROU,2006,72.2,5.03,22.31,60.16
European Union,Netherlands,NLD,2010,80.7,4.68,29.36,NA
European Union,Netherlands,NLD,2001,78.2,3.93,24.94,NA
Africa,Kenya,KEN,2008,58.8,0.25,1.69,3.59
Rest of Europe,Switzerland,CHE,2006,81.5,5.19,37.9,133.45
Middle East,Turkiye,TUR,2008,73.6,2.79,15.81,20.62
Asia,Brunei Darussalam,BRN,2012,75,2.32,14.69,81.68
Central America and Caribbean,Cuba,CUB,2001,76.9,8.86,59.52,75.58
Africa,Senegal,SEN,2004,59.9,0.06,0.54,3
Central America and Caribbean,Belize,BLZ,2010,72.1,0.38,7.53,14.65
Middle East,Jordan,JOR,2002,72.1,4.24,20.86,26.72
Asia,Malaysia,MYS,2014,75.3,1.92,14.84,39.12
Oceania,Fiji,FJI,2009,66.6,1.89,4.1,21.57
North America,United States,USA,2007,78,5.83,24.26,105.6
Central America and Caribbean,Belize,BLZ,2011,72.6,0.37,7.36,14.33
Asia,Tajikistan,TJK,2011,69.1,1.53,16.93,39.91
Middle East,Iran Islamic Rep ,IRN,2004,71.6,1.52,8.65,13.7
Rest of Europe,Georgia,GEO,2010,71.5,3.23,46.79,41.56
European Union,Cyprus,CYP,2002,78.3,6.62,18.7,30.51
Asia,Kyrgyz Republic,KGZ,2000,68.6,2.23,18.03,77.88
Asia,Thailand,THA,2002,71.1,0.7,2.95,13.18
European Union,Estonia,EST,2003,71.3,8.22,29.96,64.3
Asia,Bhutan,BTN,2007,66.7,0.1,2.12,8.03
Asia,Turkmenistan,TKM,2000,63.6,2.37,27.08,86.34
Rest of Europe,Georgia,GEO,2004,70.5,3.14,39.6,43.39
Africa,Botswana,BWA,2011,61.9,0.27,3.95,28.05
European Union,Lithuania,LTU,2001,71.7,6.95,36.28,79.55
Rest of Europe,Moldova,MDA,2002,67.4,3.29,23.3,55.89
Rest of Europe,Russian Federation,RUS,2008,67.9,2.88,48.94,97.36
Middle East,Oman,OMN,2003,73.4,1.67,15.76,36.39
Asia,Azerbaijan,AZE,2014,72,2.7,34.01,63.5
Africa,Zambia,ZMB,2009,54.1,0.18,0.59,7.04
Africa,South Africa,ZAF,2004,53.4,1.14,7.11,7.2
Africa,Cabo Verde,CPV,2010,71.1,0.08,5.73,10.65
Rest of Europe,Serbia,SRB,2008,73.9,3.46,29.43,61.16
European Union,Sweden,SWE,2006,80.7,8.3,35.43,113.65
European Union,Austria,AUT,2006,79.9,5.4,44.77,63.54
Africa,Liberia,LBR,2004,54.4,0.01,0.33,3.28
South America,Bolivia,BOL,2011,68.5,1.09,4.61,9.8
European Union,Bulgaria,BGR,2006,72.6,8.56,36.76,45.85
Rest of Europe,Georgia,GEO,2013,72.4,5.29,47.99,40.22
Oceania,New Zealand,NZL,2010,80.7,5.88,26.25,106.3
Africa,Gambia The,GMB,2003,57.2,0.04,0.99,11.92
European Union,Italy,ITA,2014,83.1,7.85,38.88,55.44
Middle East,Turkiye,TUR,2014,76.2,2.95,17.38,25.02
South America,Argentina,ARG,2014,75.9,11.01,49.15,53.44
European Union,Luxembourg,LUX,2007,79.4,8.04,27.11,111.62
Asia,Bangladesh,BGD,2004,67.3,0.14,2.69,NA
Asia,Myanmar,MMR,2010,63.5,0.52,5.39,9.22
Rest of Europe,Norway,NOR,2013,81.8,8.73,43.06,172.1
Middle East,Yemen Rep ,YEM,2010,65.5,0.21,NA,6.2
European Union,Portugal,PRT,2008,78.5,6.8,37.52,53.68
Middle East,Bahrain,BHR,2009,75.9,1,9.71,25.26
Rest of Europe,Iceland,ISL,2011,82.4,8.87,35.04,156.88
Asia,Pakistan,PAK,2010,65.3,0.53,7.27,5.04
Africa,South Africa,ZAF,2010,57.7,1.01,7.05,10.01
Asia,India,IND,2015,68.6,1.18,7.23,20.92
Asia,Kyrgyz Republic,KGZ,2012,70,1.71,18.78,49.41
Central America and Caribbean,Panama,PAN,2010,76.8,3.01,14.11,12.27
Africa,Nigeria,NGA,2007,49.4,0.17,3.61,14.32
Rest of Europe,Belarus,BLR,2003,68.6,4.4,33.03,96.61
Rest of Europe,Norway,NOR,2009,80.8,8.68,40.48,164.47
European Union,Slovenia,SVN,2002,76,6.02,22.29,71.71
Oceania,Australia,AUS,2015,82.4,5.78,34.86,121.94
European Union,Slovenia,SVN,2008,78.8,6.01,23.97,79.05
European Union,Sweden,SWE,2005,80.5,8.22,34.54,112.06
Central America and Caribbean,Nicaragua,NIC,2009,72.2,0.47,7.14,13.23
Asia,Maldives,MDV,2009,75.5,1.29,15.1,53
Africa,Zambia,ZMB,2004,47.4,0.24,1.32,NA
Asia,Myanmar,MMR,2006,61.9,0.36,4.29,8.12
Rest of Europe,Bosnia and Herzegovina,BIH,2001,74.6,1.63,13.03,39.51
Africa,Gabon,GAB,2004,57.9,0.1,2.78,47.68
Asia,Bangladesh,BGD,2005,67.8,0.16,2.96,1.39
Oceania,Australia,AUS,2004,80.5,5.01,26.92,101.52
European Union,Poland,POL,2011,76.7,3.41,22.04,58.51
Asia,Azerbaijan,AZE,2005,68.7,2.78,35.57,81.86
Asia,Kyrgyz Republic,KGZ,2014,70.4,1.64,18.37,49.23
Central America and Caribbean,Cuba,CUB,2008,78.2,9.95,66.02,95.43
Africa,Morocco,MAR,2008,73.5,1.22,5.62,NA
European Union,Croatia,HRV,2007,75.7,7.57,27.34,55.26
European Union,Malta,MLT,2013,81.7,4.6,34.21,73.54
Africa,Togo,TGO,2007,55.6,0.02,0.47,4
Middle East,Turkiye,TUR,2012,75.4,2.85,17.26,25.05
European Union,Italy,ITA,2013,82.7,7.76,38.73,52.93
Middle East,Lebanon,LBN,2007,77.6,8.67,23.09,14.31
South America,Colombia,COL,2001,73.2,7.22,12.9,5.37
Rest of Europe,Belarus,BLR,2011,70.6,5.41,37.94,105.4
Asia,Singapore,SGP,2001,78.3,2.39,13.89,32.85
European Union,Spain,ESP,2000,79,4.28,31.01,36.57
Asia,Turkmenistan,TKM,2004,64.7,1.55,24.79,49.64
Africa,Morocco,MAR,2001,69.2,0.91,4.5,NA
Rest of Europe,Moldova,MDA,2006,68,3.76,25.73,59.39
Africa,Kenya,KEN,2009,59.9,0.25,1.71,3.95
South America,Colombia,COL,2006,74.5,10.08,14.83,7.18
Rest of Europe,Montenegro,MNE,2005,74,4.31,18.97,52.18
South America,Chile,CHL,2010,78.8,5.57,14.23,12.58
European Union,Italy,ITA,2000,79.8,5.59,34.24,57.07
European Union,Netherlands,NLD,2004,79.1,4.03,26.25,80.61
European Union,Bulgaria,BGR,2003,72.1,8.3,36.04,42.42
South America,Brazil,BRA,2004,71.5,9.75,NA,37.56
Africa,Niger,NER,2008,55.8,0.01,0.19,1.38
Central America and Caribbean,Nicaragua,NIC,2014,73.4,0.43,9.06,13.72
Africa,South Africa,ZAF,2015,62.6,1.06,7.63,49.12
Central America and Caribbean,Grenada,GRD,2003,73,0.83,5.33,33.61
Middle East,United Arab Emirates,ARE,2006,75.6,2.71,14.07,29.63
Central America and Caribbean,Nicaragua,NIC,2015,73.6,0.42,9.42,13.83
Rest of Europe,Serbia,SRB,2003,72.4,4.63,27.07,58.34
Central America and Caribbean,Grenada,GRD,2008,73,0.81,7.21,NA
Middle East,United Arab Emirates,ARE,2015,77.3,5.67,23.61,53.21
Central America and Caribbean,Cuba,CUB,2014,78.5,14.74,75.82,80.44
Asia,Philippines,PHL,2013,70.3,2.24,5.74,42.42
South America,Ecuador,ECU,2006,74.3,1.39,8.95,13.65
European Union,Poland,POL,2015,77.5,3.29,23.11,57.45
European Union,Germany,DEU,2001,78.3,7.57,33.1,89.1
Rest of Europe,Belarus,BLR,2000,68.9,4.49,32.68,95.49
Central America and Caribbean,Bahamas The,BHS,2011,72.3,2.26,22.33,39.23
Asia,Kyrgyz Republic,KGZ,2011,69.6,1.71,18.97,49.58
Asia,Pakistan,PAK,2015,66.6,0.77,8.5,4.36
North America,United States,USA,2003,77,5.78,23.87,101.03
Asia,Bangladesh,BGD,2012,70.6,0.31,3.9,1.98
Asia,Cambodia,KHM,2008,65.4,0.18,2.41,8.35
Asia,Bhutan,BTN,2004,64.5,0.15,1.81,7.92
European Union,Italy,ITA,2007,81.4,5.68,37.52,54.76
Africa,Seychelles,SYC,2010,73.2,2,10.53,43.37
Africa,Burundi,BDI,2004,52.5,0.02,0.27,NA
Central America and Caribbean,Belize,BLZ,2000,68.8,1.33,10.42,12.58
European Union,Poland,POL,2014,77.6,3.42,22.92,57.9
European Union,Slovenia,SVN,2015,80.8,6.76,28.3,88.73
European Union,Denmark,DNK,2011,79.8,8.02,37.89,101.66
South America,Argentina,ARG,2012,75.6,10.56,48.12,48.53
European Union,Portugal,PRT,2012,80.4,8.05,42.41,62.21
Asia,Kazakhstan,KAZ,2001,65.8,2.78,32.93,61.79
North America,Mexico,MEX,2012,75,1.17,21.2,25.59
Africa,Nigeria,NGA,2012,51.8,0.18,NA,NA
Central America and Caribbean,Panama,PAN,2001,75.2,2.49,12.52,18.53
European Union,Estonia,EST,2007,72.8,8.68,32.6,67.02
South America,Chile,CHL,2003,77.1,0.01,9.36,NA
European Union,Czechia,CZE,2005,75.9,6.72,35.39,84.78
Asia,Malaysia,MYS,2012,74.9,1.54,13.05,37.26
Central America and Caribbean,Grenada,GRD,2013,72.6,0.79,8.19,NA
Asia,Bangladesh,BGD,2009,69.5,0.26,3.43,1.66
Asia,Azerbaijan,AZE,2002,67.4,2.79,35.41,83.03
Africa,Mauritius,MUS,2004,72.3,1.34,10.43,36.84
Asia,India,IND,2003,63.7,0.42,5.65,NA
Oceania,New Zealand,NZL,2001,78.7,4.11,21.82,101.3
North America,Canada,CAN,2007,80.5,5.64,NA,90.06
Middle East,Jordan,JOR,2004,72.4,6.75,19.38,30.94
Africa,Mozambique,MOZ,2009,51.7,0.02,0.47,4.04
Rest of Europe,Armenia,ARM,2014,74.3,3.89,28.83,51.38
European Union,Ireland,IRL,2012,80.8,5.79,38.9,129.83
Rest of Europe,Russian Federation,RUS,2003,65,2.93,47.05,99.14
Middle East,Jordan,JOR,2001,71.9,5.22,19.33,28.94
Africa,Togo,TGO,2015,59.9,0.02,0.47,2.88
European Union,Portugal,PRT,2004,77.7,5.61,34.17,43.68
Asia,Maldives,MDV,2010,75.9,0.89,14.55,51.77
Middle East,Bahrain,BHR,2004,75.2,2.07,9.22,NA
European Union,Romania,ROU,2004,71.6,4.43,22.5,56.7
European Union,Netherlands,NLD,2009,80.5,4.59,28.96,NA
Africa,Niger,NER,2014,60.1,0.01,0.27,3.07
European Union,Germany,DEU,2005,78.9,7.75,34.13,94.58
Middle East,Bahrain,BHR,2005,75.3,1.05,9.95,25.62
Africa,Togo,TGO,2010,57.5,0.1,NA,NA
Africa,Tunisia,TUN,2015,75.9,3.06,12.72,26.35
Middle East,United Arab Emirates,ARE,2001,74.5,2.81,17.59,32.98
European Union,Estonia,EST,2005,72.6,8.78,31.42,65.8
Rest of Europe,Belarus,BLR,2008,70.5,5.37,35.78,102.86
South America,Brazil,BRA,2009,73.3,12.05,NA,NA
European Union,Estonia,EST,2014,77,9.3,33.61,60.81
European Union,Cyprus,CYP,2001,78.1,6.58,19.08,30.73
Asia,Thailand,THA,2008,73.3,1.43,3.11,15.59
Asia,Tajikistan,TJK,2003,64.5,1.4,16.07,35.02
European Union,Finland,FIN,2001,78,9.66,25,NA
Rest of Europe,Switzerland,CHE,2007,81.7,5.21,37.88,136.06
South America,Brazil,BRA,2008,73,11.93,NA,NA
Asia,Kazakhstan,KAZ,2014,71.4,3.61,38.65,69.93
Africa,Eswatini,SWZ,2009,45.3,0.12,1.57,NA
European Union,Sweden,SWE,2013,82,8.17,40.43,117.18
European Union,Poland,POL,2004,74.8,3.7,22.91,55.09
Middle East,Lebanon,LBN,2011,78.5,12.29,26.75,NA
Asia,Sri Lanka,LKA,2008,75.2,0.64,6.05,14.57
Rest of Europe,Switzerland,CHE,2002,80.4,4.81,35.61,123.19
European Union,Luxembourg,LUX,2008,80.5,8.14,27.16,114.38
Central America and Caribbean,Nicaragua,NIC,2010,72.4,0.45,7.39,12.84
Oceania,Micronesia Fed Sts ,FSM,2003,65.1,0.89,5.34,22.26
Middle East,Qatar,QAT,2014,79.6,6.52,24.79,57.56
European Union,Romania,ROU,2014,74.9,7.44,26.9,63.15
European Union,Slovak Republic,SVK,2006,74.2,5.05,31.69,63.46
European Union,Slovenia,SVN,2005,77.6,6,23.5,75.2
Africa,Mauritius,MUS,2013,74,2.72,15.85,30.7
North America,Canada,CAN,2011,81.4,5.96,NA,92.6
Africa,Niger,NER,2009,56.6,0.01,0.28,2.03
Middle East,Syrian Arab Republic,SYR,2006,74.4,7.01,14.07,17.9
Rest of Europe,United Kingdom,GBR,2012,80.9,5.2,26.9,83.95
European Union,Greece,GRC,2005,79.2,12.24,50.59,35.67
Middle East,Syrian Arab Republic,SYR,2007,74.2,6.58,14.13,17.34
Asia,Kyrgyz Republic,KGZ,2008,68.5,1.87,18.92,47.28
European Union,Germany,DEU,2015,80.6,8.54,41.2,109.53
Africa,Djibouti,DJI,2014,63.2,0.19,2.01,6.53
Asia,Uzbekistan,UZB,2012,70.2,1.76,24.61,114.69
European Union,Portugal,PRT,2013,80.7,8.48,43.99,62.93
Rest of Europe,Ukraine,UKR,2003,68.2,4.52,29.64,64.8
European Union,Malta,MLT,2011,80.7,4.38,31.07,69.5
European Union,Malta,MLT,2009,80.2,4.25,29.87,64.45
European Union,Hungary,HUN,2003,72.3,5.29,32.53,59.84
Asia,India,IND,2011,67.1,0.94,7.31,16.85
Rest of Europe,Ukraine,UKR,2005,68,4.56,29.74,65.44
Asia,Japan,JPN,2002,81.6,7.1,19.76,86
European Union,Romania,ROU,2009,73.3,6.05,24.49,61.45
European Union,Romania,ROU,2015,74.9,7.74,27.58,65.6
Rest of Europe,Iceland,ISL,2007,81.5,9.43,36.12,147.77
Asia,Sri Lanka,LKA,2013,76,0.6,7.72,17.8
European Union,France,FRA,2008,81.2,6.9,33.85,81.64
Rest of Europe,Bosnia and Herzegovina,BIH,2010,76,2.09,17.49,53.34
South America,Ecuador,ECU,2005,74.1,1.25,9.02,14.64
Africa,Cabo Verde,CPV,2006,70.6,0.06,NA,NA
Rest of Europe,Switzerland,CHE,2004,81.1,4.98,36.96,127.3
South America,Brazil,BRA,2005,71.9,11.26,NA,NA
Africa,Uganda,UGA,2005,51.7,0.04,1.2,13.46
Asia,Indonesia,IDN,2003,66.6,0.23,1.31,8
Africa,Algeria,DZA,2006,73.5,2.88,11.74,NA
Oceania,Vanuatu,VUT,2008,68.8,0.13,1.15,16.75
European Union,Estonia,EST,2013,77.1,9.03,33.35,59.63
North America,Canada,CAN,2001,79.3,5.63,NA,97.77
Middle East,United Arab Emirates,ARE,2013,76.9,4.06,20.45,39.23
Asia,Uzbekistan,UZB,2004,68.1,2.02,27.26,107.1
Asia,India,IND,2005,64.5,0.62,5.85,12.83
European Union,Ireland,IRL,2013,80.9,5.73,39.27,125.52
Middle East,Lebanon,LBN,2013,78.7,9.18,23.15,15.77
Rest of Europe,Bosnia and Herzegovina,BIH,2012,76.4,2.38,19.14,57.88
Rest of Europe,Belarus,BLR,2007,70.2,5,35.5,100.14
Asia,Kazakhstan,KAZ,2005,65.9,3.27,34.76,66.37
Asia,Tajikistan,TJK,2001,62.8,1.44,17.15,38.41
European Union,Luxembourg,LUX,2014,82.2,8.56,28.82,123.17
Africa,Seychelles,SYC,2006,72.2,1.66,8.3,45.8
European Union,Latvia,LVA,2007,71,6.65,31.43,57.49
Asia,Azerbaijan,AZE,2006,69.3,2.79,35.32,81.81
Africa,Botswana,BWA,2004,51.2,0.21,3.96,26.3
European Union,Greece,GRC,2004,79,12.16,49.28,35.31
Central America and Caribbean,Grenada,GRD,2009,73,0.81,7.19,NA
Central America and Caribbean,Belize,BLZ,2005,70,0.5,8.9,15.77
Middle East,Qatar,QAT,2015,79.8,7.82,23.31,61.6
Middle East,Israel,ISR,2005,80.2,8.37,36.26,56.06
Africa,Guinea,GIN,2000,51.2,0.02,0.91,4.51
Rest of Europe,Montenegro,MNE,2011,76,0.44,19.9,50.64
Rest of Europe,Armenia,ARM,2011,73.6,4.44,28.22,52.14
Rest of Europe,Norway,NOR,2005,80,8.43,35.63,155.12
European Union,Bulgaria,BGR,2011,74.2,9.13,38.38,47.26
European Union,Netherlands,NLD,2005,79.3,4.07,26.84,81.2
Middle East,Jordan,JOR,2010,73.4,7.8,22.22,35.17
Africa,Algeria,DZA,2014,75.9,3.36,17.62,NA
Central America and Caribbean,Nicaragua,NIC,2003,70.6,0.47,3.92,11.25
Asia,Azerbaijan,AZE,2001,67.1,2.73,35.25,84.94
Africa,Gambia The,GMB,2015,60.9,0.08,0.96,14.48
Africa,Mauritius,MUS,2015,74.4,2.94,19.73,31.96
Africa,Cote d Ivoire,CIV,2008,51.7,0.13,1.28,4.29
European Union,Italy,ITA,2005,80.8,5.98,36.87,51.89
South America,Ecuador,ECU,2002,73.4,1.25,8.49,13.8
Asia,Tajikistan,TJK,2007,67.4,1.44,18.61,34.58
Africa,Ghana,GHA,2007,59.7,0.01,0.7,NA
Asia,Thailand,THA,2001,70.8,0.68,2.98,12.26
Rest of Europe,Belarus,BLR,2004,69,4.58,32.99,98.08
European Union,Denmark,DNK,2007,78.2,8.4,34.58,95.56
Asia,Japan,JPN,2006,82.3,7.39,20.82,93.13
Oceania,Samoa,WSM,2010,71.7,2.33,3.32,14.82
Asia,Bangladesh,BGD,2011,70.3,0.31,3.73,1.88
Rest of Europe,Bosnia and Herzegovina,BIH,2015,76.9,2.34,21.07,60.23
European Union,Greece,GRC,2002,78.6,12.04,46.23,35.27
Rest of Europe,Serbia,SRB,2015,75.3,3.11,30.43,62.92
Middle East,Saudi Arabia,SAU,2012,74.3,3.7,22.73,51.62
Middle East,Syrian Arab Republic,SYR,2004,74.3,8.35,14.12,18.6
European Union,Estonia,EST,2004,71.9,8.19,30.23,65.42
European Union,Spain,ESP,2010,81.6,5.94,37.37,52.83
European Union,Greece,GRC,2014,81.4,12.62,58.67,34.74
European Union,Lithuania,LTU,2015,74.3,9.1,43.38,79.74
European Union,Slovenia,SVN,2009,79,6.07,24.15,80.86
European Union,Czechia,CZE,2000,75,6.5,33.8,80.81
Asia,Myanmar,MMR,2008,62.7,0.48,4.9,8.56
European Union,France,FRA,2003,79.1,7.1,33.96,72.95
